:020000040800F2
:1000000000000824351500084D10000851100008A4
:1000100055100008591000085D100008000000008D
:100020000000000000000000000000006110000857
:100030006510000800000000691000086D1000083D
:100040008515000885150008851500088515000828
:100050008515000885150008851500088515000818
:100060008515000885150008851500088515000808
:1000700085150008851500088515000885150008F8
:1000800085150008851500088515000885150008E8
:1000900085150008851500088515000885150008D8
:1000A00085150008851500088515000885150008C8
:1000B000711000087D1000088910000885150008DF
:1000C00085150008851500088515000885150008A8
:1000D0008515000885150008851500088515000898
:1000E000851500088515000800000000851500082A
:1000F0008515000885150008851500088515000878
:1001000095100008A1100008AD1000088515000822
:100110008515000885150008851500088515000857
:100120008515000885150008851500088515000847
:100130008515000885150008851500088515000837
:1001400000000000000000000000000000000000AF
:100150008515000885150008851500088515000817
:100160008515000885150008851500088515000807
:100170008515000885150008851500080000000099
:1001800085150008851500088515000885150008E7
:1001900085150008851500088515000885150008D7
:1001A000B910000885150008C5100008851500085D
:1001B00085150008851500088515000885150008B7
:1001C00085150008851500088515000885150008A7
:1001D00085150008D1100008851500088515000850
:1001E0008515000885150008851500088515000887
:1001F0008515000885150008851500088515000877
:100200008515000885150008851500088515000866
:100210008515000885150008851500088515000856
:1002200085150008DD100008851500080000000095
:1002300085150008851500080000000085150008D8
:100240008515000885150008851500088515000826
:100250008515000885150008851500088515000816
:100260008515000885150008851500088515000806
:100270008515000885150008851500080000000098
:100280008515000885150008851500080000000088
:080290000000000085150008C4
:1002A00010B5054C237833B9044B13B10448AFF3B0
:1002B00000800123237010BD5803002400000000BB
:1002C000F8DA000808B5034B1BB103490348AFF344
:1002D000008008BD000000005C030024F8DA00087C
:1002E00001F0FF01102A2BDB10F0070F08D010F8E7
:1002F000013B013A8B422DD010F0070F42B3F6D1EB
:10030000F0B441EA012141EA014122F007047FF003
:1003100000070023F0E80256083C85EA010586EA5A
:10032000010685FA47F5A3FA87F586FA47F6A5FA96
:1003300087F68EB9EED1F0BC01F0FF0102F00702A2
:1003400032B110F8013B013A83EA010313B1F8D14D
:100350000020704701387047002D06BF354603382E
:10036000073815F0010F07D1013015F4807F02BF67
:10037000013015F4C03F0130F0BC0138704700BFB8
:10038000034613F8012B002AFBD1181A01387047D5
:10039000194A00231948D2F8D81041F0010110B5CC
:1003A000436082B0C3610362154CC0E90B33C2F8ED
:1003B000D8104FF40071D2F8D830802204604FF486
:1003C000006403F0010382604FF480620193019B9B
:1003D0000323C0E903124FF400510422C0E9054190
:1003E000C0E9092301F0F6FA08B902B010BD02B065
:1003F000BDE8104000F096BD00440258740300248C
:100400001000024008B50848002308490122C0E94D
:100410000013C0E9022301F07BFD00B908BDBDE86F
:10042000084000F07FBD00BFEC0300240010005224
:100430000F4B02689A4200D070470E4B00225A20A0
:10044000114610B5D3F8D44082B044F01004C3F87C
:10045000D440D3F8D43003F010030193019B01F092
:1004600025F95A2002B0BDE8104001F05DB900BF87
:100470000010005200440258F0B502228BB03648FA
:1004800007230292002108924FF4805203934FF405
:1004900000640593042342624FF400520493022344
:1004A000826203222D4D4160C16102A90560046290
:1004B000CDE9062301220823C0E9022340231022AC
:1004C000C0E904234FF4C073836106F045FE0028A1
:1004D0003FD1234C01250026102721464FF480529E
:1004E0001D480196E6602560C4E9017506F070FEBE
:1004F000284601F0B1F8022321464FF480521648F5
:100500002360E660C4E9017506F062FE0322082359
:10051000214622604FF480520F4867601027E66042
:100520000426A36006F054FE4FF40D7321464FF4E9
:10053000805209480193019BA560E360C4E900670C
:1005400006F046FE4FF46171034806F061FE0BB001
:10055000F0BD00F0E7FCBCE7680400244041005215
:100560005804002439480023D0B50168B6B0CDE95D
:100570000233CDE90433069309B136B0D0BD01236F
:10058000B822036008A80BF043FA4FF0807307A865
:10059000079304F065FD002854D12D4B4FF63F0022
:1005A00002210C24D3F8D4200026032742F48052E1
:1005B000C3F8D420D3F8D430069403F48053CDE9A3
:1005C0000201019302A92348019BCDE9046701F0D0
:1005D00077FD2C22022302A91F480694CDE90223AD
:1005E000CDE9046701F06CFD48F23712022302A93D
:1005F0001A480694CDE90223CDE9046701F060FDB5
:100600004FF68372022302A915480694CDE902230E
:10061000CDE9046701F054FD02234CF2037202A9F4
:1006200010480694CDE90223CDE9046701F048FDA6
:1006300000223020114601F039F8302001F074F822
:1006400036B0D0BD00F06EFCA7E700BF5404002414
:100650000044025800140258001C025800180258A6
:1006600000100258000C02582DE9F0434F4B8FB098
:1006700000244F4E4F4F4FF410610C94304601252B
:100680004FF008084FF00009CDE90844CDE90A44CD
:10069000D3F8E02042F01002C3F8E020D3F8E020C5
:1006A00002F010020092009AD3F8E02042F4807227
:1006B000C3F8E020D3F8E02002F480720192019A9E
:1006C000D3F8E02042F00402C3F8E020D3F8E020A1
:1006D00002F004020292029AD3F8E02042F02002D3
:1006E000C3F8E020D3F8E02002F020020392039A3E
:1006F000D3F8E02042F08002C3F8E020D3F8E020F5
:1007000002F080020492049AD3F8E02042F0010241
:10071000C3F8E020D3F8E02002F001020592059A28
:10072000D3F8E02042F04002C3F8E020D3F8E02004
:1007300002F040020692069AD3F8E02042F0080246
:10074000C3F8E0202246D3F8E03003F00803079313
:10075000079B01F0EDFD22463846502101F0E8FDEF
:100760004FF4106308A9304608930B94CDE909555E
:1007700001F0A6FC5023384608A908930B94CDE954
:10078000095501F09DFC08A90B480A94CDE9088998
:1007900001F096FC022308A930460A93CDE90889A6
:1007A00001F08EFC0FB0BDE8F08300BF004402589A
:1007B00000200258001C02580018025808B50548CD
:1007C000054B036002F03AF800B908BDBDE80840E7
:1007D00000F0A8BB9C040024003000520F4B0268BC
:1007E0009A4200D070470E4B00227920114610B576
:1007F000D3F8D44082B044F02004C3F8D440D3F8F6
:10080000D43003F020030193019B00F04FFF7920C7
:1008100002B0BDE8104000F087BF00BF00300052BA
:100820000044025810B58EB03422002101A80BF00C
:10083000EFF82648002326492F22838680F8363099
:10084000C0E90013C0E9043202218722C0E9023363
:10085000C0E9061240F2A7332222C0E9082340F281
:10086000CF3340F20222C0E90A2340F20F23036390
:1008700002F02AFE10BB012400224FF448704FF40E
:10088000F0730594FF240B9001A9069405240C93A2
:100890000792ADF834208DF83620CDE901204FF4D1
:1008A0008060CDE903234FF0404308900748CDE92D
:1008B000094302F0DFFE20B90EB010BD00F032FB9C
:1008C000D9E700F02FFB0EB010BD00BFF4040024E8
:1008D00000100050694B0268F0B59A428FB04FF09B
:1008E0000004CDE90844CDE90A440C9401D00FB0CE
:1008F000F0BD634B03250E2608A9D3F8E420022798
:10090000604842F00802C3F8E420D3F8E42002F083
:1009100008020092009AD3F8E02042F01002C3F8D7
:10092000E020D3F8E02002F010020192019AD3F8FF
:10093000E02042F48072C3F8E020D3F8E02002F413
:1009400080720292029AD3F8E02042F02002C3F8AB
:10095000E020D3F8E02002F020020392039AD3F8BB
:10096000E02042F00102C3F8E020D3F8E02002F0DA
:1009700001020492049AD3F8E02042F08002C3F806
:10098000E020D3F8E02002F080020592059AD3F827
:10099000E02042F04002C3F8E020D3F8E02002F06B
:1009A00040020692069AD3F8E02042F00802C3F80B
:1009B000E0206022D3F8E03003F00803079302231D
:1009C000CDE90B56CDE90823079B01F079FB40F2F6
:1009D000F76308A92C4808930C960997CDE90A45B6
:1009E00001F06EFB4FF4806308A928480893CDE915
:1009F0000974CDE90B5601F063FB042308A92448D0
:100A00000893CDE90974CDE90B5601F059FB4FF479
:100A10007F4308A91F480893CDE90974CDE90B5617
:100A200001F04EFB47F2C00308A91B480893CDE92B
:100A30000974CDE90B5601F043FB4FF4807308A90C
:100A4000134808930D230B950C93CDE9097401F01D
:100A500037FB402308A91148089309970C96CDE964
:100A60000A4501F02DFB22462146582000F01EFECB
:100A7000582000F059FE0FB0F0BD00BF001000502C
:100A80000044025800100258002002580014025876
:100A900000000258001C025800180258000C0258AE
:100AA00010B59EB04C2200210AA80AF0B1FF202206
:100AB000002102A80AF0ACFF022003F051FC2A4AF0
:100AC00000212A4B0191916941F440419161916962
:100AD00001F440410191D96A41F00101D962DB6A18
:100AE00003F001030193019B93699B04FCD5204A09
:100AF000052108240AA8936A23F0030343F00203A4
:100B000093620223002215911793C0211993169125
:100B10001C929FED137BCDE9133320238DED0A7BCF
:100B20001893CDE91A4203F0CBFC034608B172B624
:100B3000FEE73F21402204934FF48063029103219A
:100B400002A8079203910421CDE90542CDE90832BC
:100B500004F02AF808B172B6FEE71EB010BD00BF5F
:100B60000100000000000100004802580004005885
:100B70000044025810B5B0B0B8220021C02402A829
:100B80000AF046FF0B4A19230220042101920A931E
:100B900006224FF40013CDE90B400DEB0100229328
:100BA000CDE90D1204F05CFA08B172B6FEE730B080
:100BB00010BD00BF000004202DE9F04F002389B0D4
:100BC00001250424CDE90433CDE9063300F0D0FD3E
:100BD0004FF01052BF4B04A8ADF81050CDE90523DB
:100BE000BD4B079300F0E2FD4FF0405304A88DF891
:100BF0001150059300F0DAFD02214FF060520F23EF
:100C000004A88DF8111005928DF8183000F0CEFD73
:100C100003214FF04042182304A88DF811100592CB
:100C20008DF8183000F0C2FD4FF01042162304A8D2
:100C30008DF8114005928DF8183000F0B7FD204670
:100C400000F0A4FDA54B5A6912F4003211D1BFF394
:100C50004F8FBFF36F8FC3F85022BFF34F8FBFF397
:100C60006F8F5A6942F400325A61BFF34F8FBFF35E
:100C70006F8F9A494B6913F4803324D1C1F88430C3
:100C8000BFF34F8FD1F8805043F6E076C5F34E3472
:100C9000C5F3C905640104EA06002B4640EA8372E5
:100CA000013B5F1CC1F86022F8D1203C14F1200FF9
:100CB000F1D1BFF34F8F4B6943F480334B61BFF3E6
:100CC0004F8FBFF36F8F00F085FCFFF7E9FEFFF752
:100CD00051FFFFF7C9FCFFF795FBFFF7CDFBFFF7CF
:100CE0006DFDFFF79FFD00F01FF900F0C3FA00F063
:100CF000F9FA00F031FB00F069FB08F0A7FEFFF7FE
:100D000047FB09F031FE01224021754801F010FB3C
:100D1000744A754BD2F8D400196840F01000734B38
:100D2000C2F8D4000020D2F8D42002F010020092C1
:100D3000009A1A6822F001021A604FF440321A60D9
:100D400001225A636A4AD96318645A6498631A681C
:100D500042F001021A605A689207FCD59A684FF077
:100D60000050DFF898A14FF4403742F00202DFF85C
:100D700090B15C4D01269A6040F257294FF0FF3345
:100D80005A4CDFF88081C0F80130D5F8D4304FF4E8
:100D90001672584843F01003C5F8D430D5F8D43053
:100DA00003F010030493049B236823F001032360E2
:100DB000FF2327606663E16322646064A3632368A2
:100DC00043F00103236063689B07FCD5A06801F230
:100DD00055234FF47F4240F00200A060D5F8D400C4
:100DE00040F01000C5F8D400D5F8D40000F0100091
:100DF00003900398206820F001002060276066635C
:100E0000E363C4F84090C4F84480A263236843F0CD
:100E10000103236063689807FCD5A06801F2AD4325
:100E20004FF47F0240F00200A060D5F8D40040F0FB
:100E30001000C5F8D400D5F8D40000F010000290DE
:100E40000298206820F00100206027606663E36359
:100E5000C4F84090C4F84480A263236843F00103BF
:100E6000236063689A07FCD5A36801F205716FF0EF
:100E70007F4043F00203A360D5F8D43043F0100361
:100E8000C5F8D430D5F8D43003F010030193019B9A
:100E9000236823F00103236027606663E163C4F8DD
:100EA0004090C4F84480A063236843F001032360AA
:100EB00063689B07FCD5A3680F4843F00203A36057
:100EC000DAF80030DBF80010B3F57F0F18BF1B0213
:100ED0001AE000BF120001030000010100ED00E074
:100EE000001C025800440258040000240010005264
:100EF000E0012003E001C80010DB0008000000242E
:100F00009C050024E001C90008BFFF23CAF8003097
:100F10004B1CCBF8003009F08DFD014B196834E70C
:100F20000400002472B6FEE7054B002205484FF48A
:100F300080415A611860C3E90122C3E90312704776
:100F4000A005002400700052D0B5B8B000210446BE
:100F5000BC2209A80891CDE90411CDE906110AF0D7
:100F600057FD2D4B22689A4201D038B0D0BD4FF4C6
:100F7000803309A8099304F073F8002848D1274B5F
:100F80004FF4F85002210C24D3F8D4200026032774
:100F900042F48032C3F8D420D3F8D42002F4803253
:100FA0000192019AD3F8E02042F00402C3F8E02055
:100FB000D3F8E02002F004020292029AD3F8E02073
:100FC00042F00802C3F8E020D3F8E030089403F0C0
:100FD0000803CDE90401039304A91148039BCDE95B
:100FE000066701F06DF80223042204A90D48089455
:100FF000CDE90423CDE9066701F062F80022312033
:10100000114600F053FB312000F08EFB38B0D0BD0C
:10101000FFF788FFB3E700BF00700052004402589A
:1010200000080258000C0258074B82B0D3F8F42095
:1010300042F00202C3F8F420D3F8F43003F00203C4
:101040000193019B02B0704700440258FEE700BFC5
:10105000FEE700BFFEE700BFFEE700BFFEE700BF00
:10106000704700BF704700BF704700BF00F0E2BA92
:10107000014806F071BA00BF20060024014806F0BE
:101080006BBA00BF6C060024014806F065BA00BFC9
:10109000B8060024014806F08BB800BF680400249D
:1010A000014805F01DBF00BFA0050024014806F05F
:1010B00053BA00BF04070024014802F079BA00BF08
:1010C000F4040024014800F067BF00BFEC030024D3
:1010D000014802F06FBC00BF381C0024014802F038
:1010E00051B900BF9C0400240120704708B50AF0E4
:1010F000E1FC162203464FF0FF301A6008BD00BF26
:1011000008B50AF0D7FC16230360FEE770B5161E7B
:1011100007DD0C468D19AFF3008004F8010BA542E2
:10112000F9D1304670BD00BF70B5161E07DD0C4604
:101130008D1914F8010BAFF30080AC42F9D13046A1
:1011400070BD00BF4FF0FF30704700BF4FF4005339
:1011500000204B60704700BF01207047002070479F
:1011600038B50D4C03460D490D4D2268491B2AB177
:1011700013448B4208D81046236038BD0948024604
:10118000206013448B42F6D90AF094FC0C234FF0F4
:10119000FF320360104638BD1C06002400000824FE
:1011A00000200000B02300242749284AD1F88830C5
:1011B00043F4700310B4C1F88830136803F00F03D0
:1011C000062B05D8136823F00F0343F007031360C1
:1011D0001F4B00241F4A19681C4841F00101196087
:1011E0001C6119680A401A6003681B0705D503686B
:1011F00023F00F0343F007030360154B0022164949
:10120000164C17489A61DA611A629C62D8621963B7
:101210005A639963DA6319645A641868114C20F4AC
:101220008020114918601A6623681940B1F1005FE7
:1012300003D20E4B0122C3F808210D4B43F2D20218
:101240005DF8044B1A60704700ED00E0002000528A
:10125000004402587FEDF6EA80020101000202021A
:101260000000FF010010005C0000FFFF0080005143
:101270000040005200B5002389B019484FF080416A
:101280004FF0FF3204930193036183610793C0E938
:101290000013C0E90232CDE90533CDE9023305F090
:1012A000CFFF90B94FF4805304A90D48049306F082
:1012B0007DF890B9002301A909480193039306F032
:1012C00003FA28B909B05DF804FBFFF72BFEE9E744
:1012D000FFF728FE09B05DF804FBFFF723FEE9E7FE
:1012E0002006002400B5002389B019484FF6FF728C
:1012F000184904930193036183610793C0E90013C4
:10130000C0E90232CDE90533CDE9023305F098FF9B
:1013100090B94FF4805304A90D48049306F046F8A1
:1013200090B9002301A90A480193039306F0CCF970
:1013300028B909B05DF804FBFFF7F4FDE9E7FFF712
:10134000F1FD09B05DF804FBFFF7ECFDE9E700BF34
:101350006C0600240004004000B5002389B0194841
:101360004FF6FF7218490493019303618361079359
:10137000C0E90013C0E90232CDE90533CDE90233FB
:1013800005F05EFF90B94FF4805304A90D48049313
:1013900006F00CF890B9002301A90A4801930393C1
:1013A00006F092F928B909B05DF804FBFFF7BAFD21
:1013B000E9E7FFF7B7FD09B05DF804FBFFF7B2FD01
:1013C000E9E700BFB80600240008004000B500238C
:1013D00089B019484FF0FF32184904930193036113
:1013E00083610793C0E90013C0E90232CDE90533F8
:1013F000CDE9023305F024FF90B94FF4805304A9DE
:101400000D48049305F0D2FF90B9002301A90A48C2
:101410000193039306F058F928B909B05DF804FB6D
:10142000FFF780FDE9E7FFF77DFD09B05DF804FBFC
:10143000FFF778FDE9E700BF04070024000C004037
:101440000368B3F1804F10B584B022D0354A93427F
:1014500037D0354A93424CD0344A934201D004B03D
:1014600010BD334B00223220D3F8E840114644F03F
:101470000804C3F8E840D3F8E83003F00803039306
:10148000039B00F013F9322004B0BDE8104000F0D7
:101490004BB9274B00221C20D3F8E840114644F0FA
:1014A0000104C3F8E840D3F8E83003F001030093E7
:1014B000009B00F0FBF81C2004B0BDE8104000F0D9
:1014C00033B91B4B00221D20D3F8E840114644F0ED
:1014D0000204C3F8E840D3F8E83003F002030193B4
:1014E000019B00F0E3F81D2004B0BDE8104000F0BF
:1014F0001BB90F4B00221E20D3F8E840114644F0E0
:101500000404C3F8E840D3F8E83003F0040302937E
:10151000029B00F0CBF81E2004B0BDE8104000F0A4
:1015200003B900BF0004004000080040000C004068
:1015300000440258DFF834D0FFF736FE0C480D495E
:101540000D4A002302E0D458C4500433C4188C421E
:10155000F9D30A4A0A4C002301E013600432A24284
:10156000FBD30AF0ADFAFFF727FB70470000082411
:10157000000000245803002484E1000858030024DC
:10158000AC230024FEE700000F4B1B780BB90120B1
:10159000704710B504464FF47A700C4AB0FBF3F371
:1015A0001068B0FBF3F000F0CDF80F2C00D808B1B4
:1015B000012010BD002221464FF0FF3000F076F8E8
:1015C000034B00201C6010BD100000240800002404
:1015D0001400002410B50320124C00F055F803F05D
:1015E00043FA114B11499A699B69C2F3032203F034
:1015F0000F038A5CCB5C02F01F020D4903F01F034E
:10160000D04020FA03F308600F202360FFF7BCFFEF
:1016100010B10124204610BD0446FFF705FD204609
:1016200010BD00BF0C0000240044025814DB000869
:1016300008000024034A044B11681B780B44136014
:10164000704700BF5007002410000024014B1868A9
:10165000704700BF5007002438B50446FFF7F6FF77
:101660000546631C02D0044B1B781C44FFF7EEFFB9
:10167000431BA342FAD338BD10000024014B186865
:10168000000C70470010005C06494FF6FF0C00028A
:10169000054BCA6800F4E06002EA0C021043034301
:1016A000CB60704700ED00E00000FA051B4BDB68E3
:1016B000C3F3022300B5C3F1070E03F1040CBEF11E
:1016C000040F28BF4FF0040EBCF1060F1AD9033BDC
:1016D0004FF0FF3C0CFA03FC22EA0C024FF0FF3CF7
:1016E00000280CFA0EFC21EA0C0101FA03F141EA90
:1016F00002010ADB09010A4BC9B2034483F8001353
:101700005DF804FB00221346E8E700F00F00090132
:10171000044BC9B2034419765DF804FB00ED00E008
:1017200000E100E0FCEC00E0002807DB012300F012
:101730001F01034A40098B4042F82030704700BF28
:1017400000E100E0431EB3F1807F0CD24FF0E022B5
:10175000002006494FF0F00C5361072381F823C0A5
:101760009061136170470120704700BF00ED00E0F9
:10177000BFF35F8F044B00215A6A22F480325A6211
:10178000C3F89410704700BF00ED00E0064B40F036
:101790000100C3F894005A6A42F480325A62BFF3DF
:1017A0004F8FBFF36F8F704700ED00E0174A43780B
:1017B000C2F89830017821B3436800B5C2F89C3074
:1017C000C37A90F80CC01B0690F80FE043EA0C7344
:1017D00090F80AC00B43817B43EACC4390F80DC0DC
:1017E00043EA8C4390F809C043EA4143017A43EA53
:1017F0000E4343EA0C2343EA4103C2F8A0305DF8EC
:1018000004FBC2F89C10C2F8A010704700ED00E085
:1018100002680146324B334870B4334E334DB24206
:1018200018BF9A42324C0CBF01230023AA4208BFC2
:1018300043F00103A24208BF43F001033034824267
:1018400008BF43F001033030A24208BF43F0010358
:101850003034824208BF43F0010300F55C70A242BD
:1018600008BF43F0010304F55C74824208BF43F0F3
:1018700001033030A24208BF43F0010330348242FA
:1018800008BF43F001033030A24208BF43F0010318
:101890003034824208BF43F001033030A24208BF17
:1018A00043F00103824208BF43F0010313B9114B17
:1018B0009A4212D1D3B21048104C103BA0FB0350F7
:1018C0005F2B4FEA1010205CC8650D4800EA02004B
:1018D00088BF0430886570BC704722F0FF00F9E7CC
:1018E0001000024070000240280002404000024008
:1018F00058000240B8040240ABAAAAAA24DB0008A0
:1019000000FCFFFF0368274A274930B4274D284CC5
:10191000AB4218BF93420CBF012200228B4208BF8A
:1019200042F001022831A34208BF42F001022834EC
:101930008B4208BF42F001022831A34208BF42F0A7
:1019400001028B4208BF42F0010212B9194A9342C8
:1019500013D1DBB21849194A083B194CA1FB0313F8
:10196000012102EB1312C3F30413920001FA03F3F3
:101970008366C0E9182430BC7047D9B2114A124CB2
:1019800010391A44A4FB0141A82A4FEA111100D8CA
:1019900008310E4A01F01F0401230A44A3400C4CF5
:1019A0009200E5E708540258305402581C5402587B
:1019B0004454025894540258CDCCCCCC0096001616
:1019C00080580258F0FBFDBFABAAAAAA0082001003
:1019D000800802402DE9F04F054683B0FFF736FE40
:1019E000002D00F099812C680646A04B9C4248D0FF
:1019F00018339C4245D030339D4A944218BF9C42D4
:101A000002F130020CBF01230023944208BF43F0CF
:101A100001031832944208BF43F001031832944284
:101A200008BF43F001031832944208BF43F001039A
:101A300002F55672944208BF43F0010318329442F3
:101A400008BF43F001031832944208BF43F001037A
:101A50001832944208BF43F001031832944208BF81
:101A600043F001031832944208BF43F001031832D7
:101A7000944208BF43F001031BB97E4B9C4240F0E7
:101A8000A481022385F83530002385F8343023689B
:101A900023F00103236006E0FFF7D8FD801B052833
:101AA00000F220812C682368DF07F5D4D5E90230E5
:101AB00029690343AA6920680B4369690B43E969F3
:101AC00013430B436C490140286A03436B480B43A3
:101AD000696A042900F02481066869483040B0F141
:101AE000005F80F0DD802360636923F007030B4310
:101AF00063612846FFF78CFEEA6D3F235B4902F0E5
:101B00001F02604E604F9340604AA61BE71B836034
:101B1000A4EB020B5E4BB6FA86F6BBFA8BFBB7FA68
:101B200087F7A4EB030A5B4B4FEA5B1B5A489C42C6
:101B300018BF8C4203F11803BAFA8AFA4FEA561614
:101B40000CBF012100214FEA5A1A221A9C4208BFF9
:101B500041F0010118337F09B2FA82F29C4208BFBA
:101B600041F00101183352099C4208BF41F00101C4
:101B7000183301929C4208BF41F0010118339C4286
:101B800008BF41F0010118339C4208BF41F0010138
:101B900003F556739C4208BF41F0010118339C4283
:101BA00008BF41F0010118339C4208BF41F0010118
:101BB00018339C4208BF41F0010118339C4208BF12
:101BC00041F0010118339C4208BF41F00101183374
:101BD0009C4208BF41F0010118339C4208BF41F00C
:101BE00001012E4B4BEA0101A4EB030814334AEA2E
:101BF0000101B8FA88F8A4EB0309143331434FEA22
:101C00005818B9FA89F9E31A39434FEA5919B3FA5E
:101C100083F348EA01015B0949EA0101194300D154
:101C2000DAB128460093FFF76DFEA968009B802972
:101C300066D068682A6EC4B20138D5E919C1072890
:101C40001460CCF8041062D8611E072979D96A6F34
:101C5000D5E91B300021196042600020012368652E
:101C600085F8353003B0BDE8F08F00BF10000240AA
:101C700040000240B80402403F8010FE0010005CAB
:101C80000000FFFF305402584454025808540258D0
:101C90001C540258280002409454025858540258C8
:101CA0006868A0F129061F2E25D94F38032801D8CE
:101CB00043F4801323600429636923F0070343EA94
:101CC00001037FF415AFE86AA96A0B4300283FF4CB
:101CD0000FAF002A53D1012972D031F002027FF4F4
:101CE00007AF54E02022032301206A6585F83530D0
:101CF00003B0BDE8F08F7848F040C007DAD5D7E7E9
:101D00000023A96ED5E918026B60036051600023BF
:101D1000C5E91B336B67A0E7012003B0BDE8F08F76
:101D20000768D5E90B06064333436C4E3E40B6F1D7
:101D3000005FB5D22360636923F0070343F0040317
:101D4000C2E7019A1A4349EA020948EA090847EA40
:101D500008073E435AEA060607D1BBF1000F04D13B
:101D60005F4B604823449B0003E05F4B5F48234484
:101D70009B0001228A40C5E91B306A676AE7B2F519
:101D8000005F0ED0022905D903297FF4B1AEC2014C
:101D90007FF5AEAE0123402218466A6585F83530DE
:101DA000A6E703293FF6A4AE01A252F821F000BF36
:101DB000951D00088F1D0008951D0008C11D000815
:101DC000B0F1C07F7FF494AEE4E7494A494BA4EBFD
:101DD000020B494EA4EB030A484FBBFA8BFBA61B30
:101DE000BAFA8AFA3C334FEA5B1BB6FA86F64FEA38
:101DF0005A1AE71BA4EB030876091433B7FA87F7DE
:101E00004BEA0A01B8FA88F8A4EB03097F093143C9
:101E100014334FEA5818B9FA89F93943E31A3848A4
:101E20004FEA591948EA0101B3FA83F3221A49EA41
:101E300001015B09B2FA82F219434FEA5212019290
:101E400001D1002A41D00221DFF8C0C085F8351049
:101E5000002185F83410216801EA0C0CA96840299A
:101E600030D0A1F18001B1FA81F149094FEA813EF8
:101E70002969E868C908234A009341EAD0006969E2
:101E8000224440EAD100A96940EAD100E96940EA68
:101E9000D100296A40EA111141EA0C014EEA010120
:101EA00021601949A1FB0201284609098900E96559
:101EB000FFF7AEFCE96D009B01F01F040121A1407A
:101EC0004160AEE64FF0100ED2E74022032301201E
:101ED0006A6585F835300BE73F00C0C30000FFFF9F
:101EE0003F820010400902403F96001640590258B8
:101EF000085402581C540258305402584454025892
:101F000094540258F8ABFDA7CDCCCCCC0F00FEFF0B
:101F1000002835D038B590F86130044603F0FF0250
:101F20004BB323680220626884F86100E1691D6890
:101F300014481143A2682840E5680143A06919606C
:101F40000243596B10480840104902435A631A6C07
:101F50001140D4E90402294352051964596B42EA3D
:101F60000052002021F440110A435A6301236066A5
:101F700084F8613038BD80F86020FEF759FAD0E768
:101F800001207047BFFFF8FFF8FEFFFF0000FFFFD2
:101F9000704700BF704700BF036870B55D680446B6
:101FA0001E68EA0701D5F10556D4AA0601D5B30487
:101FB0003BD4280701D5310521D46A0701D5730523
:101FC00072D4A80701D5B10504D4EA0601D5F304FB
:101FD00057D470BD23681A6822F400721A60022276
:101FE0009A600122636E6366002384F8612084F89E
:101FF0006030236A002BE8D020469847E5E7236845
:102000001A6822F400621A6008229A600422636E41
:102010001343636684F861200022636A84F86020B9
:10202000002BCAD020469847C7E723681A6822F4D5
:1020300000521A6020229A600422636E43F0020369
:10204000636684F861200022636A84F86020002BB4
:10205000AFD020469847ACE71A6822F480721A6025
:10206000426E42F00102426601229A60042380F827
:102070006130002380F86030436A002B95D0984788
:1020800093E723681020012100251A6822F480526A
:102090001A6098602046636E84F86050636684F826
:1020A0006110FFF777FF70BD236820461A6822F49D
:1020B00080621A6004229A60FFF76AFF81E700BF1E
:1020C0002DE9F04F0C6883B0002C00F0A7804FF092
:1020D000000C8A4F634601229A4012EA040E00F077
:1020E00096804D6805F0030909F1FF36012E40F294
:1020F0009880B9F1030F40F0D28009FA0CF26FEA30
:102100000208066815F4403F06EA080642EA06029D
:1021100002607CD0D7F8F42023F0030803F0030911
:102120000F2642F0020208F1B0484FEA8909C7F8C9
:10213000F42008F58068D7F8F42006FA09F602F0D2
:1021400002020192019AD8F8082022EA06026C4E97
:10215000B04228D006F58066B04200F0AC80694EEF
:10216000B04200F0AD80684EB04200F09F80674EF4
:10217000B04200F0AF80664EB04200F0B080654ED5
:10218000B04200F0A280644EB04200F0AD80634ED9
:10219000B04200F0AE80624EB0420CBF09260A2663
:1021A00006FA09F63243C8F808204FF0B04215F499
:1021B000801F6FEA0E0612684FF0B0480CBF324025
:1021C0004EEA020215F4001FC8F80020D8F80420D7
:1021D0004FF0B0480CBF32404EEA020215F4003F07
:1021E000C8F80420D8F884204FF0B0480CBF324023
:1021F0004EEA0202ED034FF0B045C8F88420D8F84B
:10220000802054BF32404EEA0202C5F880200133DC
:102210000CF1020C34FA03F27FF45DAF03B0BDE8B9
:10222000F08F4FF00308866808FA0CF826EA080ACF
:10223000CE686FEA080806FA0CF646EA0A068660D7
:10224000C5F30016D0F804A09E402AEA02023243E9
:102250004260C268B9F1020F8E6802EA080206FA0B
:102260000CF646EA020609FA0CF2C6607FF449AFA2
:102270004FEAD30903F0070B0F2600EB89094FEA59
:102280008B0BD9F820A006FA0BF62AEA060A0E698B
:1022900006FA0BF646EA0A06C9F8206031E74FF065
:1022A000030808FA0CF86FEA0808D2E7032606FAD2
:1022B00009F6324377E7012606FA09F6324372E758
:1022C000022606FA09F632436DE7062606FA09F6F3
:1022D000324368E7042606FA09F6324363E7052627
:1022E00006FA09F632435EE7072606FA09F6324394
:1022F00059E7082606FA09F6324354E70044025823
:102300000000025800080258000C02580010025841
:102310000014025800180258001C025800200258ED
:10232000002402580369194214BF0120002070479D
:1023300002B90904816170472DE9F0470D46144642
:102340009A460678814601274FF0000806E019F802
:10235000016F06EB0803B3F5807F37D805EB080063
:102360003246394616B1B04409F052FB102F07F13E
:102370000107ECD1002305F80830CAF8008028785E
:10238000014600B36FF0404801271A4688420FD13A
:1023900002EB0800561C05EB020C04EB8000F61A59
:1023A00040F8043FF2181CF801EF01338E45F7D0D6
:1023B0001F290BD807FA01F0984207D9A85C5B00E7
:1023C00001310028E2D10020BDE8F0870120BDE8FE
:1023D000F08700BFF0B5ADF2145D0D46044601ABC9
:1023E00043AA02A9FFF7A8FFD0B9019FC7B10F37D1
:1023F0000DF5867E02A904F10F0C274409E011F8BF
:10240000012BBC455EF8046B02F1FF32E660EA5432
:1024100006D01CF8013F0B2B05EB8304EFD90120FC
:102420000DF2145DF0BD00BF2DE9F04F046893B0CC
:10243000084604F5F8639A4200F09D8004F5FC63B9
:102440009A4203D0012013B0BDE8F08F04F5FF6479
:1024500003A9FFF7BFFF0028F5D16FF0F0239DF827
:1024600017A09DF816E023604FEA0A2A63604FEA3E
:102470000E2E9DF80E300AF4706A9DF844200EF47A
:10248000706E1B029DF815904AEA020A9DF814C06E
:1024900003F470634FEA09294FEA0C2C9DF813806E
:1024A000019309F470699DF840300CF4706C9DF84C
:1024B00012104FEA08284EEA030E9DF8117008F436
:1024C000706809024EEA0A4E9DF8102001F470610E
:1024D0003F0244F804EC12029DF83CE007F47067F8
:1024E00002F470629DF80F6049EA0E099DF838E029
:1024F0003602019B4CEA0E0C9DF80D5006F47066F6
:102500009DF80CB04CEA094C2D0244F808CC4FEA77
:102510000B2B9DF834C005F470650BF4706B48EA22
:102520000C089DF830C041EA0C0141EA084144F82A
:102530000C1C9DF82C100F439DF828100A4342EA0A
:10254000074244F8102C9DF8242016439DF82020C3
:10255000134343EA064344F8143C9DF81C301D43E2
:102560009DF818304BEA030343EA054344F8183C4E
:1025700013B0BDE8F08F04F5FB6469E72DE9F04383
:102580000468ADF63C0D0D4604F5A0639A4242D0B6
:1025900004F5CC639A4204D001200DF63C0DBDE851
:1025A000F08304F2A47428466B460DF2344201A96C
:1025B000FFF7C2FE0028F0D1009B7BB30F330DF272
:1025C00034470DF1040C05F10F0205EB030E42AE8A
:1025D00011E003EB4503A12BDED81CF8015B06EBF1
:1025E000830857F8049B964505F1FF353146C8F836
:1025F000A490F55413D012F8011FA0230029ECD0A9
:102600000D0901F00F03F02905EB850503F1FF33F8
:10261000DFD1A123E1E704F24464C4E742A96FF0EB
:10262000F0231A4AA1EB810C0DF16605236063606B
:102630000CF54A7EA36003F1D333E2600CF5497CCC
:1026400003F12C23236103F10213636103F10213ED
:10265000A36191F8A12091F8A03012021EF8217018
:102660001B021CF8216002F47062023903F47063EB
:102670003A438D4243EA060343EA024344F8043DE9
:10268000E7D10DF63C0DBDE8F08300BFD00FD10FB0
:1026900003685A6802F00302022A2DE9F0438946D2
:1026A00000F094805C685A6814F0030472D1120C34
:1026B0000C608A60DA68120CCA605F4A03F1500C41
:1026C000C9F80440002602F140054FF0640E41F2C3
:1026D000883433E092F801800EFB07F7C16B11F8E4
:1026E0000880B7FBF8F7642F61D9B4FBF7F73E44D5
:1026F000C3F30747012F3DD092F802800EFB07F786
:10270000C16B11F80880B7FBF8F7642F4AD9B4FB06
:10271000F7F73E441B0E012B30D0D7780EFB03F3A6
:10272000C16BCF5DB3FBF7F3642B4AD9B4FBF3F372
:102730001E4404320CF1040C954225D0DCF8003024
:10274000DFB2012F2CD092F800800EFB07F7C16B8F
:1027500011F80880B7FBF8F7642F2DD9B4FBF7F711
:102760003E44C3F30727012FB4D1C3F307476436B0
:10277000012FC1D11B0E6436012BCED10432643639
:102780000CF1040C9542D9D1B6090020C9F81060AB
:10279000BDE8F08302F00302032A4AD1302416E098
:1027A0006436DEE7C7F1C80706EB5706B2E7C7F1A4
:1027B000C80706EB57069BE7C7F1C80706EB5706A5
:1027C000CFE7C3F1C80306EB5306B2E710245A68FB
:1027D000C9F80040120CC9F80820DA681D695F6961
:1027E000120C9E6917F0F00FC9F80C204FEA16166C
:1027F0004FEA1512C5F303154FEA171C08D1012D36
:1028000006D116F00F0F0CBF01240024640054E71A
:1028100042EA0C0212F00F043FF44FAF4CEA0602FA
:10282000C2F30302032D08BF002A0CBF01240024B9
:1028300043E70120BDE8F0834CDD0008002800F0EC
:102840000B8170B590F84D30044603F0FF02002B69
:1028500000F0FD80226802210023804884F84D109A
:10286000116B41F001011163116821F00101116048
:10287000116B21F07E011163116B41F40051116362
:10288000116B41F480411163916B41F060019163E0
:102890007349E0630120A364C4E91013C2F86C33E8
:1028A0004FF001316F4BC2F86803C2F864136E48F1
:1028B000C2F860336D4BC2F878036D49C2F87433C7
:1028C0006C4BC2F870136C48C2F888336B496C4B80
:1028D000C2F88403C2F88013C2F87C334FF6F923A0
:1028E000D2F82C046749014002F585600B43664924
:1028F000A1F1A006C2F82C3491F8AE30043991F859
:10290000B3E01B0491F8B0C091F8B150B14243EA72
:102910000E6343EA0C0343EA052340F80439EBD184
:10292000D2F82C344FF00131564801259BB243F0C8
:102930004073C2F82C34D2F83C340340C2F83C3423
:10294000C2F83854C2F83414C2F8301440F60A31D0
:10295000D2F83C349BB243F08073C2F83C34D2F8D6
:10296000483403401943494BC2F8481447F20271F6
:10297000C2F84434A3F10433C2F84034D2F84834E6
:102980009BB243F00073C2F84834D2F85834034085
:102990003F4819433F4BC2F858143F49C2F854040A
:1029A00002F59F60C2F85014C2F84C34D2F8583483
:1029B0003A499BB2A1F1A00643F08073C2F85834A3
:1029C00091F8B030043991F8B5501B0491F8B2E099
:1029D00091F8B3C0B14243EA056343EA0E0343EA08
:1029E0000C2340F80439EBD102F5A06226492046B9
:1029F000FFF7C4FD18B101231846236570BD226896
:102A00002046264902F5CC62FFF7B8FD0028F2D136
:102A100022682046224902F5F862FFF705FD0028EA
:102A2000E9D1226820461F4902F5FC62FFF7FCFC51
:102A30000028E0D122680121536843F48073536079
:102A40002062606284F84D102065606570BD80F87A
:102A50004C20FDF7C3FEFDE6012070470CDD0008A9
:102A600094DC00080001050108090A0B04050607AB
:102A7000000102030000017D0505040403020403B4
:102A8000000201030000FFFFE0DB00080607080961
:102A90000404000101020404030407052CDB000800
:102AA000F0DC0008D4DC0008704700BF704700BFAE
:102AB000704700BF704700BF704700BFF8B502689D
:102AC00010260446656D15F400551DD1536BDF06C5
:102AD0001AD5536CE769626A180A190CBB541B0EAD
:102AE000676AE2693A445070606AE2690244917030
:102AF000616AE2690A44D370636AE26A043363621A
:102B0000636A934221D02268013EDBD1616D536B31
:102B1000D80601D58B0417D4136823F00103136082
:102B2000636AEBB9636D0020626D012103F003035A
:102B300084F84C0002F482422046022B626584F83D
:102B40004D100AD0FFF7B2FFF8BD626A2046E16976
:102B5000FFF7B2FF22686562D6E7FFF7A9FFF8BD6D
:102B6000626A2046E169FFF7A7FF00236362D9E7A5
:102B7000436D03F00303022B03682DE9F041044683
:102B800082B01FD0626DD70407D45A6B960700F14C
:102B90001D815A6B500700F1B181656D15F4005528
:102BA00007D15E6B16F008064CD15A6BD20600F1C5
:102BB000E3815A6B02F03802202A1AD0002002B0BA
:102BC000BDE8F0815A6B5206DCD5011D0191FFF77B
:102BD0005FFD0023019920466361FFF765FF2368CD
:102BE0001A6B22F040021A639A6B42F040029A6319
:102BF000C8E71A6822F001021A60626D02F00C0246
:102C0000082A00F0E6819A6B42F060029A63636AD8
:102C1000002B40F0E381636D0021626D012503F01C
:102C20000303204602F4824284F84C10022B6265B2
:102C300084F84D5000F0C981FFF738FF284602B0F4
:102C4000BDE8F081626AE66A20329642C0F0E48113
:102C50005B6CE169626A8B54616AE2690A44190A31
:102C60005170616AE2690A44190C1B0E9170616A25
:102C7000E2690A44D370636A22680433E1696362DB
:102C8000536C626A8B54616AE2690A44190A517092
:102C9000616AE2690A44190C1B0E9170616AE2696B
:102CA0000A44D370636A226804336362536C626AB5
:102CB000E1698B54616AE2690A44190A5170616AD8
:102CC000E2690A44190C1B0E9170616AE2690A44B8
:102CD000D370636A22680433E1696362536C626A89
:102CE0008B54616AE2690A44190A5170616AE269A7
:102CF0000A44190C1B0E9170616AE2690A44D37090
:102D0000636A226804336362536C626AE1698B54BC
:102D1000616AE2690A44190A5170616AE2690A4407
:102D2000190C1B0E9170616AE2690A44D370636AE0
:102D300022680433E1696362536C626A8B54616A8E
:102D4000E2690A44190A5170616AE2690A44190C7D
:102D50001B0E9170616AE2690A44D370636A22684B
:102D600004336362536C626AE1698B54616AE2699D
:102D70000A44190A5170616AE2690A44190C1B0E6F
:102D80009170616AE2690A44D370636A226804330D
:102D9000E1696362536C626A8B54616AE2690A4456
:102DA000190A5170616AE2690A44190C1B0E91708C
:102DB000616AE2690A44D370636A04336362636AD6
:102DC000E26A9A4200F0AE822368F2E6A26A002A22
:102DD00000F00C81216A8A42216A40F2A481521AD1
:102DE000616DCD043FF5D9AE002A3FF4D6AE1F2A5F
:102DF0004FEA920140F20382A269216A5018555CA1
:102E0000817846780904C07841EA0621294341EADD
:102E100000611964216A04312162216A5018555CED
:102E2000817846780904C07841EA0621294341EABD
:102E300000611964216A04312162216A5018555CCD
:102E4000817846780904C07841EA0621294341EA9D
:102E500000611964216A04312162216A5018555CAD
:102E6000817846780904C07841EA0621294341EA7D
:102E700000611964216A04312162216A5018555C8D
:102E8000817846780904C07841EA0621294341EA5D
:102E900000611964216A04312162216A5018555C6D
:102EA000817846780904C07841EA0621294341EA3D
:102EB00000611964216A04312162216A5018555C4D
:102EC000817846780904C07841EA0621294341EA1D
:102ED00000611964216A04312162206A8118855CCD
:102EE0008A78C8781204497842EA01222A4342EAE1
:102EF00000621A64226A043222624EE6A26A002A42
:102F000074D0216A8A42216A00F264818A4240F0C8
:102F10000C81216A2046FFF7CDFDA26A042A02D95E
:102F200022F00302A262002123682162616DC904BC
:102F30003FF533AE002A3FF430AE910840F00382F3
:102F4000206A012A216AA56901F10101285C216238
:102F500010D0216A032A695C40EA0120216A01F14C
:102F60000101216206D1226AA95C226A40EA01407D
:102F700001322262186410E6626AE56A0432954200
:102F8000C0F0D5805B6CE169626A8B54616AE2696A
:102F90000A44190A5170616AE2690A44190C1B0E4D
:102FA0009170616AE2690A44D370636AE26A043329
:102FB0006362636A9A427FF407AF626A2046E169FE
:102FC000FFF77AFD23686662F3E5FFF771FD284697
:102FD000F5E51A6B22F07E021A6314E6626A204657
:102FE000E169FFF769FD0023636214E6626D02F098
:102FF0000C020C2A626D00F0FD8002F00C02082A1F
:10300000626D7FF4CAAD42F4805262651A6B22F0A1
:1030100006021A63626DC0E5626A96427FF6C9AD28
:10302000606A301A800820D0294600E023685B6C73
:103030000131626AE6698842B354666AE2693244E1
:103040004FEA13265670666AE26932444FEA134625
:103050004FEA13639670666AE2693244D370636A1A
:1030600003F104036362E1D1E66A636AB34200F0EC
:103070006181D4F824802368B6EB08005F6C0ED021
:1030800005F00303626AE1690135DB00A84227FA13
:1030900003F38B54636A03F101036362F0D108F117
:1030A0000408626AE1692046A8EB0608FFF704FD00
:1030B0000023B8F1030F63623FF686AE4FEAC80300
:1030C000626AE169B8F1030F27FA03F08854626A73
:1030D00002F1010262623FF477AE03F10802616A15
:1030E000E069B8F1020F27FA02F24254626A02F173
:1030F0000102626208F102023FF466AE1033616AB7
:10310000E069022A27FA03F34354636A03F10103D7
:1031100063627FF459AE636A3F0EE269D754636A13
:103120000133636250E68A4256D0626D35E5626AC9
:1031300095427FF63EAD606A281A800820D031465D
:1031400000E023685B6C0131626AE5698842AB5438
:10315000656AE2692A444FEA13255570656AE26997
:103160002A444FEA13454FEA13639570656AE26992
:103170002A44D370636A03F104036362E1D1E56A10
:10318000636A9D4200F0D680D4F824802368B5EBB2
:1031900008005F6C0ED006F00303626AE169013635
:1031A000DB00B04227FA03F38B54636A03F1010397
:1031B0006362F0D108F10408626AE1692046A8EB75
:1031C0000508FFF779FC0023B8F1030F63627FF66F
:1031D00075AFF9E5521AA9E6216A2046FFF76AFCA5
:1031E000A26A042A02D922F00302A2620021236803
:1031F0002162F5E542F480526265626DCDE4032AF6
:1032000040F2A48000293FF4C8AC206A0129A269D9
:1032100002EB0005165CA8786F784FEA0040ED7865
:1032200040EA072040EA060040EA05601864206A88
:1032300000F1040020623FF4B0AC206A022902EBE6
:103240000005165CA8786F784FEA0040ED7840EAF8
:10325000072040EA060040EA05601864206A00F191
:10326000040020623FF499AC206A032902EB0005B8
:10327000165CA8786F784FEA0040ED7840EA0720A6
:1032800040EA060040EA05601864206A00F1040084
:1032900020623FF482AC206A042902EB0005165C30
:1032A000A8786F784FEA0040ED7840EA072040EABE
:1032B000060040EA05601864206A00F104002062FC
:1032C0003FF46BAC206A052902EB0005165CA87878
:1032D0006F784FEA0040ED7840EA072040EA0600A8
:1032E00040EA05601864206A00F1040020623FF49F
:1032F00054AC206A072902EB0005165CA8786F78A9
:103300004FEA0040ED7840EA072040EA060040EA34
:1033100005601864206A00F1040020627FF43DAC6F
:10332000206ADBE5626A2046E169FFF7C5FB236896
:1033300065623EE4626A2046E169FFF7BDFB002258
:103340002368626235E4226AA069C7E5216A012A1E
:10335000206AA56900F10100695C206210D0206A32
:10336000032A285C41EA0021206A00F10100206262
:1033700006D1226AA85C226A41EA00410132226237
:1033800019640AE490F84D30033B012B00D97047D3
:10339000436D03F00C03082B30B5044683B006D010
:1033A000436D03F00C030C2B06D003B030BD03B00B
:1033B000BDE83040FFF7DCBB436D03F00303022B95
:1033C000036845D05A6B9206EFD5626D206B42F4CC
:1033D000004262651A6822F001021A601A6B22F03C
:1033E0007E021A639A6B42F060029A6390F83D3055
:1033F000022B52D0606B90F83D30022B3FD0036817
:10340000E26A5B69C3F31003D31A6362636A9A4288
:1034100046D02268556B15F0100535D1636A002B34
:1034200049D113680020012123F001031360636D6B
:10343000626D03F0030384F84C0002F482422046DC
:10344000022B626584F84D1032D0FFF72FFBACE7FA
:103450005A6B5106B6D5011D0191FFF719F90023EA
:10346000019920466361FFF71FFB23681A6B22F066
:1034700040021A639A6B42F040029A63A2E703B0DB
:10348000BDE8304000F0C8B9636D9B048DD4204680
:1034900003B0BDE83040FFF711BB00F0BDF9A9E76C
:1034A000626A2046E169FFF707FB00236362B0E729
:1034B000FFF7FEFA79E7626A2046E169FFF7FCFA56
:1034C00022686562ADE700BF002867D038B590F884
:1034D000A130044603F0FF02002B5AD0A06802215D
:1034E000D4E9003284F8A1100243E16898690A43E4
:1034F000216920F070400A43294998619869024384
:1035000060699A619A680A409A609A6842EA004241
:10351000A0690243E0699A60DA680A40DA60DA6812
:1035200042EA0042206A0243606ADA601A690A408D
:103530001A611A6942EA0042A06A0243E06A1A610B
:103540005A690A405A615A69216B42EA00420A43A9
:103550005A61DA6A94F8350002F07F4294F8361026
:10356000DA62DD6A94F834202A4342EA002200201D
:1035700042EA0142DA625A6B42F006025A639A69E1
:1035800042F001029A610123C4F8A40084F8A1303A
:1035900038BD80F8A020FDF79DF99FE70120704716
:1035A00000F800F0704700BF704700BF704700BFD1
:1035B000036870B59D6B04465E6B6A0701D57107A1
:1035C0001DD4AA0701D5B3072DD4E80701D5F1070B
:1035D00040D42A0701D5330700D470BD23680820E2
:1035E000012500215A6B22F008025A63D863204655
:1035F00084F8A15084F8A010FFF7D8FF70BD5A6B73
:1036000022F004025A630422DA63D0F8A43043F0B3
:103610000103C0F8A430002380F8A12080F8A03076
:10362000FFF7C0FFCDE7236820465A6B22F0020265
:103630005A630222DA630422D4F8A43043F002036E
:10364000C4F8A430002384F8A12084F8A030FFF748
:10365000A9FFBAE7236820465A6B22F001025A6399
:103660000122DA63002384F8A12084F8A030FFF758
:103670009BFFAEE790F8A030012B00F0C080022342
:103680002DE9F04F4FF0340ED0F8009080F8A130C3
:1036900083B00EFB020ED201D9F80C300C4602F1B9
:1036A00084060D46C3F30B4B804609EB060C0EF166
:1036B000380EDFF860A1DCF8043003F470430193A6
:1036C0000FCCAEE80F000FCC6F68AEE80F000FCC48
:1036D000AEE80F002368BB44CEF80030019B2A6897
:1036E000CCF80430D9F80C30511CE868C3F30B4314
:1036F000D5F818E00B4443EA0B43CCF80430D9F872
:103700000C10DCF80830C1F30A0103F470430144E3
:10371000CCF80830AB68D9F80C000133C0F30A00CC
:10372000034443EA01432969CCF80830DCF810303F
:1037300023F00703CCF81030CCF81010DCF8183068
:10374000002395F8320095F83140CCF8183095F800
:10375000303043EA0E6343EA042343EA0043CCF8E3
:103760001830DCF8143023F0FF03CCF814306B6908
:10377000CCF81430DCF81C00EB6900EA0A0A286A6D
:103780000343CCF81CA0CCF81C30DCF82830002314
:10379000CCF828306B6ACCF8283059BB0423BF1A08
:1037A000AA6A03FB07F702FB03F3EA6A073747EA53
:1037B0000347DCF82C3003F0E023CCF82C30CCF8B5
:1037C0002C70124BDCF830100B40CCF83030CCF8B9
:1037D0003020012259F80630134349F806300023FF
:1037E000C9F82420184688F8A12088F8A03003B032
:1037F000BDE8F08F0139062903D90123CFE7022064
:103800007047034B53F82130C9E700BF00F8FFFFB2
:103810008CDD0008F8F8FFFF034688B190F83D20E2
:10382000022A03D0802201209A6670470268042190
:10383000002083F83D10D36823F00103D360704764
:1038400001207047F0B58BB0002800F0888090F818
:10385000BD330546046803F0FF02002B79D02046F3
:1038600003232E462F1D85F8BD33E36B6C4613F4FE
:10387000807308BF2B6105F0A1FB56F810EBB4462E
:10388000BCE80F000FC4BCE80F000FC49CE80300A5
:1038900084E80300704697E80E0005F06FFA0446CE
:1038A00030B101240223204685F8BD330BB0F0BDB2
:1038B0000146286805F08AFB686858B322464FF035
:1038C000010E2146C2EBC20302F1010C05EB83039A
:1038D00083F83C20A3F842205FFA8CF283F83DE0A5
:1038E000824283F83F101965C3E91111EAD300221F
:1038F000C4EBC403611C05EB830383F8FC41CCB229
:1039000083F8FD21844283F8FF21C3F81022C3E924
:103910008122EDD36C460FCE0FC40FCE0FC496E8B4
:10392000030084E8030097E80E00286805F084FB94
:1039300004460028B5D101226B6A85F8380093420D
:1039400085F8BD230FD0286805F0FCFF20460BB09A
:10395000F0BD80F8BC2307F067F9286880E70124F0
:1039600020460BB0F0BD284600F0E0FCEBE700BFBE
:1039700010B590F8BC3304460068012B17D0012223
:10398000A36A934284F8BC2309D005F00FFB20689A
:1039900005F0C8FF0023184684F8BC3310BDA369A6
:1039A0009342F2D0836B43F480338363EDE70220CC
:1039B00010BD00BF2DE9F04F076889B004463846B6
:1039C00005F0FEFF10B109B0BDE8F08F8346206816
:1039D00005F0C8FF0028F6D0206805F0C3FF10F0FE
:1039E000020F206803D0436903F00203436105F02E
:1039F000B9FF10F0100F206812D0836923F0100374
:103A000083613D6AC5F3434305F00F06022B00F0C6
:103A10006682062B00F0B281836943F01003836154
:103A200005F0A0FF10F4002F206840F0D08005F0D2
:103A300099FF430376D4206805F094FF00285DDBEE
:103A4000206805F08FFF00054DD4206805F08AFF3F
:103A5000020114D52268536903F00063536194F89E
:103A6000F433002B40F074810121204684F8F413D4
:103A7000536DC3F38303C4F8F83300F06FFC206880
:103A800005F070FFC30400F11881206805F06AFF9B
:103A900010F4005F206840F0F98005F063FF07072D
:103AA00000F1EB80206805F05DFFC60200F1DB80CD
:103AB000206805F057FF850200F1CB80206805F0F3
:103AC00051FF400000F1BC80206805F04BFF41072A
:103AD0007FF579AF23685D686A0700F121825A6833
:103AE0002A435A606FE7D7F80838D90700F11482E3
:103AF0002068436903F400634361A7E7D7F804280B
:103B000022F00102C7F8042894F8F433012B00F0E6
:103B10002E81204607F01EF92068436903F0004318
:103B200043618EE7206805F029FF80462068B8F1E0
:103B3000000F81D04FF0000A07F510690397264661
:103B40005746CDF810B009E05FEA580807F10107C1
:103B500006F11C0609F1200900F0278118F0010F79
:103B6000F2D05FFA87FA514605F01AFFC3070546FF
:103B700016D50399012307F00F0203FA02F2D1F8D8
:103B8000343823EA0203C1F8343801232169C9F823
:103B90000830994200F0C9815146204607F09EF84E
:103BA000280702D50823C9F80830E90602D51023F2
:103BB000C9F808306A0602D54023C9F80830AB07B7
:103BC00000F185812D0600F12C812068BCE705F00D
:103BD000CDFE0546002800F0E48007F53066A246D9
:103BE0004FF000082068039708E06D0808F101080D
:103BF00006F120060AF11C0A00F0D580EF07F4D583
:103C00005FFA88F7394605F0C1FE8146206819F051
:103C1000010F40F0CD8019F0080F40F0E88019F056
:103C2000100F01D01023B36019F0200F01D0202312
:103C3000B36019F4005FD8D04FF40053B360D4E7F9
:103C4000204607F093F82068436903F080434361FE
:103C50003BE72046002107F081F82068436903F420
:103C6000001343612BE72046002107F07BF8206812
:103C7000436903F4801343611BE7204607F038F8DB
:103C80002068436903F0080343610CE705F09CFEDC
:103C9000206805F017FB2568E06001F0ADF8227B95
:103CA0000146284605F008F9204607F025F8206867
:103CB000436903F400534361EFE6D7F8043807F58E
:103CC00000651021206823F001036B6005F0D2FA33
:103CD0006068E0B107F510634FF67F3199600BF132
:103CE000010B1A682033834522F4001243F8202C7C
:103CF000C3F8E811D3F8E02122F40012C3F8E02160
:103D0000D3F8E02142F00062C3F8E021E6D1EB698C
:103D1000226B43F00113EB61F2B96A6942F22B03A3
:103D200013436B612B6943F00B032B61D7F8003809
:103D300004F57172217C23F4FE632068C7F8003813
:103D400005F058FE2068436903F4805343619DE603
:103D5000204606F0E7FF92E6D5F8843043F00B03E7
:103D6000C5F884306B6C43F00B036B64DEE7002115
:103D7000204684F8F41300F0F1FACDE6C6EBC6064F
:103D8000082204F57171384605F036FDC5F30A13B3
:103D900004EB86022068D2F814120B44C2F81432E5
:103DA0003AE6206843E6039F41E6DDE9037B43E60C
:103DB00001222169B26000F530620129D0F840C0CB
:103DC00002EB4812936800F0C6808E498C4500F0E3
:103DD000DA80B8F1000F04D1D4F81022002A00F0E4
:103DE0000A812046394606F06FFF206813E7082352
:103DF000B36000F53063026C834803EB48138242E2
:103E0000996840F2A3800A0402D54FF400429A60F8
:103E1000204606F053FF2169012900F0C180206887
:103E2000FDE6D6E91453D4F800B0AB4258463FF64D
:103E30008BAE0BF51062716CCDF81CB002EB471223
:103E40000592EA1A8A4228BF0A460599896903320F
:103E500089B2B1EB920FC0F092804A460697C146F4
:103E60005F46D046DDF814B0924619E0736C4246C6
:103E7000B16C38469D4228BF1D46237C0093ABB2EF
:103E800005F0A4FCB36CDBF818102B4489B2B364C2
:103E9000736D2B440335B1EB950F736568D3356DA6
:103EA000AB42A5EB0305E1D3C846069FD146D4F843
:103EB00000B0079B07F00F02584603F5006101238D
:103EC00003FA02F24B6B23EA02034B633CE63946EA
:103ED000039805F0CFF90223C9F8083072E647F6D7
:103EE000F0731D423FF498ADC6EBC606C5F30A1247
:103EF000384604EB86061546D6F8081205F07CFC19
:103F0000D6F8083220682B44C6F80832D6F81432A6
:103F10002B44C6F814327FE5204606F003FFE7E5A0
:103F2000204606F027FF2368D9E5D6E9112313447C
:103F3000B364002F7FF430AE236D002B7FF42CAEE2
:103F400004F57172206805F055FD25E6204606F05F
:103F5000B5FE206863E619071DD52B498C457FF611
:103F60005AAE1F047FF557AE4FF40043936052E6FC
:103F7000D4F800B0C846069FD146356D58469D42DC
:103F80003FF6E2AD95E71904EED499067FF529AF27
:103F90002021916025E7990608D5202393603AE611
:103FA00004F57172206805F025FD38E713F0280F3D
:103FB0007FF431AE14498C4501D91B04D4D4126965
:103FC000DAF80412C2F312028A1ACAF81422DAF8D2
:103FD00008220A44CAF80822B8F1000F7FF401AFA2
:103FE000D4F81022002A7FF4FCAE04F5717201218E
:103FF00005F000FDF5E604F57172414605F0FAFCA6
:10400000EFE600BF0A31544F0A30544F90F8BC23FA
:10401000012A0ED0012210B50446006884F8381039
:1040200084F8BC2305F06CFC0023184684F8BC33EC
:1040300010BD0220704700BF10B501F00F0E090639
:10404000044627D44FF01C0C0CFB0E0C0CF5FE7133
:10405000CEEBCE0C00EB8C0C00208CF8FD018A60BE
:104060004A7881F800E0CB700AB1A1F806E0022B93
:1040700001D100230B7194F8BC33012B18D001231C
:10408000206884F8BC3305F029F90023184684F829
:10409000BC3310BD1C204FF0010C00FB0E4000F1A2
:1040A0003C01CEEBCE0004EB800080F83DC0D6E7AB
:1040B000022010BD11F0800F01F00F034FF01C0122
:1040C00010B504461AD101FB0341C3EBC302002023
:1040D00001F5FE7104EB820282F8FD010B7094F889
:1040E000BC33012B19D00123206884F8BC3305F0C0
:1040F0003DF90023184684F8BC3310BD01FB034191
:10410000C3EBC302012004EB82023C3182F83D0084
:104110000B7094F8BC33012BE5D1022010BD00BF19
:1041200010B501F00F041C21C4EBC40C01FB040109
:1041300000EB8C0C01F5FE71CCF810320023CCF8AA
:1041400008228CF8FC41CCF814328CF8FD3103695C
:104150000068012B08BFCCF80C22DAB21CB905F0BC
:104160007BFA002010BD05F05FF9002010BD00BFF4
:1041700001F00F01C1EBC10100EB8100D0F8140286
:10418000704700BF10B501F00F041C21C4EBC40C34
:1041900001FB040100EB8C0C3C31CCF850300023C7
:1041A000CCF84820CCF8543001238CF83C408CF8F3
:1041B0003D3003690068012B08BFCCF84C20DAB20F
:1041C0001CB905F049FA002010BD05F02DF90020BA
:1041D00010BD00BF38B5436801F00F059D4234D8CB
:1041E0000B0604461DD41C22C1EBC10302FB0101D6
:1041F00000EB8303002201F5FE7183F8FD2101230A
:104200000D708B7094F8BC239A421CD0206884F8FF
:10421000BC3305F015FBD5B10023184684F8BC3338
:1042200038BD1C21C5EBC503012201FB050100EBD4
:1042300083033C3183F83D2001230D708B7094F88B
:10424000BC239A42E2D1022038BD012038BD04F5DA
:104250007172217C206805F0CDFBDDE7426838B53E
:1042600001F00F03934232D811F0800F04464FF053
:104270001C01C3EBC30219D101FB0341002004EB75
:104280008202002501F5FE7182F8FD010B708D7030
:1042900094F8BC33012B18D00123206884F8BC3378
:1042A00005F002FB284684F8BC5338BD01FB0341EE
:1042B000012004EB820200253C3182F83D000B70A6
:1042C0008D7094F8BC33012BE6D1022038BD01205B
:1042D00038BD00BF10B40468636A31B943EA0243D1
:1042E0000020A3625DF8044B7047A06A013903EB1C
:1042F000104C0BD0002303F14000013304EB80008D
:10430000DBB240688B420CEB104CF4D340314CEAEA
:104310000242002004EB810462605DF8044B7047A8
:10432000034600201B685962704700BF03464FF0E8
:10433000000C09491A68604610B4012483F8F4C3DC
:10434000C3F8FC4393695DF8044B43F00063936149
:10435000536D19435165704703000010704700BF4B
:1043600038B5104CE36813F0040FE36805D103F08F
:104370000703181A18BF012038BD23F007030343B1
:10438000E360FDF763F9054605E0FDF75FF9401BC3
:10439000B0F57A7F04D863689B04F6D5002038BD59
:1043A000012038BD00480258024AD36843F08073A8
:1043B000D3607047004802583B4B30B49A6A9C6AFD
:1043C000DD6A14F47C7F596BC4F3051038D0C1F357
:1043D000CC0105F0010502F0030205FB01F1012A01
:1043E00007EE901AB8EEE77A02D0022A4ED04AB30E
:1043F00007EE900A9FED2D5AF8EEE77A1B6BC5EE9B
:10440000276ADFED2B5AC3F3080307EE903AB7EEA5
:10441000006AF8EEE77AE7EE257A77EE867A66EEBE
:10442000A76A214B1B6BC3F34623013307EE903A77
:10443000B8EEE77AC6EE877AFCEEE77A17EE900AD6
:1044400030BC70471A68920627D5196807EE900AA3
:10445000184AF7EE005A1B6BC1F3C101F8EEE77A78
:104460009FED135AC3F30803CA4006EE903A06EED6
:10447000102AF8EEE66AB8EEC66AE7EE056A86EE3E
:10448000277A76EEA56A66EE876ACAE707EE900A93
:104490009FED095AF8EEE77AB0E707EE900A9FED34
:1044A000075AF8EEE77AA9E7004402580024744A54
:1044B000000000390090D00320BCBE4B0024744C97
:1044C000002800F0E881F8B503680446D9072ED526
:1044D000A4490A69896A02F03802102A00F00781AB
:1044E000182A00F0FF806368B3F5803F00F02A814E
:1044F000002B00F06881B3F5A02F9A4B1A6800F0EA
:10450000698222F480321A601A6822F480221A60CA
:10451000FDF79CF8934E054605E0FDF797F8401B24
:10452000642800F24E8133689B03F6D523689D070B
:1045300000F18A80D90633D58A4A1369926A03F05A
:104540003803082B00F0E380182B00F0DB80E369D0
:10455000844D002B00F06F812B6843F080032B60AB
:10456000FDF774F8064605E0FDF770F8801B022899
:1045700000F227812B68DB05F6D5FDF77FF841F2C5
:104580000303984200F24782226A6B68202A23F0D4
:10459000F8430CBF43F0804343EA82636B602368B7
:1045A0001D0716D563696F4D002B00F022816B6FDC
:1045B00043F001036B67FDF749F8064605E0FDF798
:1045C00045F8801B022800F2FC806B6F9807F6D537
:1045D00023689A0616D5A369624D002B00F01A8154
:1045E0002B6843F480532B60FDF730F8064605E056
:1045F000FDF72CF8801B022800F2E3802B689F0453
:10460000F6D52368590700F1A380606AD0B1554DF3
:104610002B6903F03803182B00F0AE812B680228B9
:1046200023F080732B6000F04281FDF70FF8044601
:1046300005E0FDF70BF8001B022800F2C2802B6892
:104640009B01F6D40020F8BD464A1369926A13F024
:1046500038032DD1434BE2681B68590701D5002A66
:104660004ED0404D2B6823F0190313432B60FCF709
:10467000EDFF064605E0FCF7E9FF801B022800F28B
:10468000A0802B685B07F6D5FCF7F8FF41F2030327
:10469000984200F2F78022696B68402A23F47C3349
:1046A0000CBF43F4003343EA02336B60236841E7F5
:1046B000182B00F0E3802B4DE2682B68002A00F0F5
:1046C000CC8023F0190313432B60FCF7BFFF064691
:1046D00004E0FCF7BBFF801B022872D82B685F0741
:1046E000F7D5D1E701F0030102297FF4FCAE1D4AA2
:1046F000126892037FF51BAF6268002A7FF417AF40
:104700000120F8BD02F00302012A7FF420AF154B0F
:104710001B68DA0502D5E369802BF1D1FCF7AEFF07
:1047200041F20303984200F2B880226A202A00F086
:1047300087810C494B6823F0F84343EA82634B605E
:1047400023682DE7074A136843F480331360DFE6DC
:10475000054D2B6843F480732B60FCF777FF06460A
:1047600009E000BF0044025800480258FCF76EFF01
:10477000801B642825D82B68DA05F7D5A368012BA0
:1047800000F05881002B00F02D81052BA64B1A6FED
:1047900000F05F8122F001021A671A6F22F0040212
:1047A0001A67FCF753FFA04E41F28837054604E034
:1047B000FCF74CFF401BB84203D8336F9B07F7D57B
:1047C00023E70320F8BD984D2B6823F480332B603A
:1047D0002B6823F480232B60FCF738FF064604E0A7
:1047E000FCF734FF801B6428EBD82B689F03F7D4B9
:1047F0009CE66B6F23F001036B67FCF727FF06460F
:1048000004E0FCF723FF801B0228DAD86B6F9907BE
:10481000F7D4DDE62B6823F480532B60FCF716FFFA
:10482000064604E0FCF712FF801B0228C9D82B685B
:104830009804F7D4E5E62B6823F080032B60FCF79F
:1048400005FF064604E0FCF701FF801B0228B8D8EC
:104850002B68DF05F7D42368A2E623F001032B6061
:10486000FCF7F4FE064604E0FCF7F0FE801B02288D
:10487000A7D82B685807F7D423685BE690077FF426
:104880001AAFE7E66B68226923F0FE4343EA02634E
:104890006B6023684EE601207047634A216AD36843
:1048A00023F07C5343EA0163D360236878E6FCF786
:1048B000CDFE064604E0FCF7C9FE801B022880D826
:1048C0002B689901F7D4A96A584BA26A0B40584942
:1048D000554E1343E26A43EA0213AB62D4E90D3248
:1048E000013B013A5B0212049BB202F4FE02134345
:1048F000226B013AC2F308021343E26B013A12063B
:1049000002F0FE4213432B63EB6A23F00103EB62D8
:104910006A6BA36C114041EAC3016963EB6A226CC4
:1049200023F00C031343EB62EB6A626C23F0020387
:104930001343EB62EB6A43F48033EB62EB6A43F4BC
:104940000033EB62EB6A43F48023EB62EB6A43F0E3
:104950000103EB622B6843F080732B60FCF776FE5B
:10496000044605E0FCF772FE001B02283FF629AF63
:1049700033689A01F6D565E60128AA6A2D6B3FF4E3
:1049800062AE02F00303A16A8B427FF4B9AEC2F3B8
:104990000512E36A9A427FF4B3AE236BC5F30802B3
:1049A000013B9A427FF4ACAE636BC5F34622013BF8
:1049B0009A427FF4A5AEA36BC5F30642013B9A422F
:1049C0007FF49EAEE06BC5F306650138281A18BF68
:1049D0000120F8BD42F480221A601A6842F4803245
:1049E0001A6095E5104D41F288372B6F23F00103D3
:1049F0002B672B6F23F004032B67FCF727FE06467B
:104A000005E0FCF723FE801BB8423FF6DAAE2B6FC1
:104A10009807F6D4F9E5EB68226A23F07C5343EA61
:104A20000263EB602368BBE5004402580CFCFFFF07
:104A30000700FFFF0B4A136F43F001031367B0E653
:104A4000084A536823F0F84343F0804353602368D7
:104A5000A6E542F004021A671A6F42F001021A67D3
:104A60009FE600BF00440258474A136903F0380329
:104A7000102B04D0182B0DD01BB14448704744486C
:104A80007047136899064AD513684248C3F3C103B7
:104A9000D8407047936A30B4946AD56A14F47C7F26
:104AA000516BC4F3051038D0C1F3CC0105F00105FA
:104AB00003F0030305FB01F1012B07EE901AB8EE9A
:104AC000E77A02D0022B2CD093B307EE900A9FED29
:104AD000325AF8EEE77A136BC5EE276ADFED2F5AEC
:104AE000C3F3080307EE903AB7EE006AF8EEE77AF0
:104AF000E7EE257A77EE867A66EEA76A224B1B6B85
:104B0000C3F34623013307EE903AB8EEE77AC6EED8
:104B1000877AFCEEE77A17EE900A30BC70471D48A2
:104B2000704707EE900A9FED1E5AF8EEE77AD2E73B
:104B300013689B0620D5146807EE900A1549F7EE16
:104B4000005A136BC4F3C104F8EEE77A9FED135AD1
:104B5000C3F30803E14006EE903A06EE101AF8EEB1
:104B6000E66AB8EEC66AE7EE056A86EE277A76EE62
:104B7000A56A66EE876AC1E707EE900A9FED095ABB
:104B8000F8EEE77AA7E700BF0044025800093D00AD
:104B900040787D010090D0030024744A0000003961
:104BA00020BCBE4B0024744C002800F00C818C4AC1
:104BB000136803F00F038B422DE9F04104460D46C4
:104BC0000CD2136823F00F030B431360136803F038
:104BD0000F038B4202D00120BDE8F08123685F07FC
:104BE0000BD5804920698A6902F07002904204D98D
:104BF0008A6922F0700202438A611E070BD5794947
:104C00006069CA6902F07002904204D9CA6922F050
:104C100070020243CA61D8060BD57249A069CA69FD
:104C200002F4E062904204D9CA6922F4E0620243CD
:104C3000CA6199060BD56B49E0690A6A02F07002F5
:104C4000904204D90A6A22F0700202430A629A076B
:104C500040F1AB806348E168826902F00F02914243
:104C600004D9826922F00F020A438261D80730D545
:104C70005C4AA168936923F470630B439361616894
:104C80001368022900F0A180032900F0988001290F
:104C900000F0A18058079ED5524E41F28838336902
:104CA00023F007030B433361FCF7D0FC074605E014
:104CB000FCF7CCFCC01B404500F28B803369626876
:104CC00003F03803B3EBC20FF2D12368990706D57E
:104CD000E1684448826902F00F028A4269D840497B
:104CE0000A6802F00F02AA420AD90A6822F00F02EB
:104CF0002A430A600A6802F00F02AA427FF46BAFEF
:104D00005A070BD5374920698A6902F07002904230
:104D100004D28A6922F0700202438A611F070BD510
:104D200030496069CA6902F07002904204D2CA69CF
:104D300022F070020243CA61DE060BD52949A06940
:104D4000CA6902F4E062904204D2CA6922F4E062C5
:104D50000243CA619D060BD5224AE169136A03F03A
:104D60007003994204D2136A23F070030B43136259
:104D7000FFF77AFE1B4A03461B4891699269C1F30B
:104D800003211A4D02F00F02194C415C825C01F0C4
:104D90001F01184802F01F02CB4000682B60D3406F
:104DA0002360BDE8F041FCF7EFBBDA073FF560AFE9
:104DB00095E7826922F00F020A4382618FE79F0123
:104DC0003FF56AAF07E7012070479B033FF564AFEB
:104DD00001E7032000E7DE053FF55EAFFBE600BF1D
:104DE000002000520044025814DB00080800002490
:104DF0000C00002414000024184A38B5136903F08D
:104E00003803102B1AD0182B23D0CBB11448134BD6
:104E100014499A699B69C2F30322134C03F00F03F0
:104E2000124D8A5CCB5C02F01F0220FA02F203F002
:104E30001F0022FA00F02A60206038BD0C48E6E727
:104E400013689B0608D513680A48C3F3C103D8400A
:104E5000DDE7FFF7B1FADAE70648D8E70044025881
:104E600000093D0014DB00080C00002408000024A9
:104E700040787D010090D003F8B53A4CA36A03F066
:104E80000303032B67D0236806460F4623F0806395
:104E90002360FCF7DBFB054604E0FCF7D7FB431B74
:104EA000022B56D823681A01F7D4A36A326823F478
:104EB0007C3343EA0233A362D6E90232013B013A72
:104EC0005B0212049BB202F4FE0213437268013AC1
:104ED000C2F3080213433269013A120602F0FE429D
:104EE0001343A363E36A726923F0C0031343E362CD
:104EF000E26AB36922F020021A431B4BE262E26AC3
:104F000022F01002E262E16BF2690B4043EAC20355
:104F1000E363E36A43F01003E362E36AEFB1012F56
:104F20000CBF43F4801343F40013E3620D4C236879
:104F300043F080632360FCF789FB054604E0FCF73F
:104F400085FB401B022804D823681B01F7D50020ED
:104F5000F8BD0320F8BD0120F8BD43F40023E3624F
:104F6000E4E700BF004402580700FFFFF8B53A4CE1
:104F7000A36A03F00303032B67D0236806460F469A
:104F800023F080532360FCF761FB054604E0FCF747
:104F90005DFB431B022B56D823689A00F7D4A36A03
:104FA000326823F07C7343EA0253A362D6E90232EB
:104FB000013B013A5B0212049BB202F4FE0213436E
:104FC0007268013AC2F3080213433269013A1206C9
:104FD00002F0FE4213432364E36A726923F44063E0
:104FE0001343E362E26AB36922F400721A431B4B73
:104FF000E262E26A22F48072E262616CF2690B4062
:1050000043EAC2036364E36A43F48073E362E36ADE
:10501000EFB1012F0CBF43F4000343F08073E36250
:105020000D4C236843F080532360FCF70FFB0546CB
:1050300004E0FCF70BFB401B022804D823689B000C
:10504000F7D50020F8BD0320F8BD0120F8BD43F4DA
:105050008003E362E4E700BF004402580700FFFF5B
:105060002DE9F8430368044613F0006622D0426E2F
:10507000B2F5001F00F0988411D8002A00F00685D0
:10508000B2F5801F40F0FF8402210430FFF7F4FEE8
:105090000646002E40F09084626E236803E0B2F56D
:1050A000401F40F0F084A8480026016D21F4401113
:1050B0000A430265DD050AD5626D042A06D8DFE8D9
:1050C00012F0AD048C049304FC02FC020126354668
:1050D00098051BD5A26D802A00F0978400F2EC8021
:1050E000002A00F0A683402A40F0ED800021201D18
:1050F000FFF7C2FE23680546002D40F080839249E9
:10510000A06D0A6D22F4E07202430A6559051FD5AD
:10511000D4F8A420B2F5800F00F0568400F2D680B7
:10512000002A00F08C83B2F5001F40F0D7800021E8
:10513000201DFFF7A1FE23680546002D40F0638384
:105140008149D4F8A4008A6D22F4600202438A6582
:105150001A051FD5D4F8A820B2F1007F00F06584AD
:1051600000F2BF80002A00F07083B2F1807F40F02F
:10517000C0800021201DFFF77FFE23680546002D1B
:1051800040F045837049D4F8A8008A6D22F0E062AF
:1051900002438A659F0118D5A26C202A00F0CD83B6
:1051A00000F2AA803AB1102A40F0A9806649CA6A82
:1051B00042F40032CA62002D40F05F836249A06C65
:1051C000CA6C22F030020243CA64D8041DD5E26DD5
:1051D000B2F5005F00F0108400F29480002A00F025
:1051E0003A83B2F5805F40F095800021201DFFF7E3
:1051F00043FE23680546002D40F003835249E06DCD
:105200000A6D22F4E04202430A6599041AD5226E1F
:10521000B2F5003F00F075837FD84AB1B2F5803F08
:1052200040F083800121201DFFF726FE23680546FC
:10523000002D40F024834449206E0A6D22F4E022C0
:1052400002430A655A041BD5D4F8AC20B2F1005FC2
:1052500000F061836CD842B1B2F1805F70D101215E
:10526000201DFFF709FE23680546002D40F0098345
:105270003549D4F8AC008A6D22F0E04202438A65D9
:105280001F040DD5E26EB2F1805F00F04E83B2F1E3
:10529000005F00F01E82002A00F0218201263546C0
:1052A000D80162D5626C032A00F21B84DFE812F099
:1052B00053004E0058035300C02A3FF41DAFB2F50F
:1052C000807F3FF419AF012635461FE7B2F5C00FC6
:1052D0003FF433AFB2F5000F3FF42FAF0126354650
:1052E00036E7B2F1407F3FF44AAFB2F1806F3FF44E
:1052F00046AF012635464DE7302A3FF45CAF012624
:10530000354662E7B2F5405F3FF475AFB2F5804FC6
:105310003FF471AF0126354677E722F48031B1F5CD
:10532000802F85D0B2F5403F82D00126354689E7EF
:1053300022F08051B1F1804F97D0B2F1405F94D00C
:10534000012635469CE700BF004402583849CA6A26
:1053500042F40032CA62002D40F085823449606C0C
:10536000CA6C22F003020243CA64590200F1FB81B5
:10537000DF072FD5A26F282A2AD8DFE812F0E9012B
:105380002900290029002900290029002900E3011A
:105390002900290029002900290029002900750376
:1053A0002900290029002900290029002900E901F4
:1053B0002900290029002900290029002900E901E4
:1053C0002900290029002900290029002900E901D4
:1053D0000126354698071BD5626F052A00F27E83A9
:1053E000DFE812F00C0006002C030C000C000C008F
:1053F0000121201DFFF740FD23680546002D40F0E8
:1054000036820B49606F4A6D22F0070202434A65FB
:10541000590720D5D4F89020052A00F26583DFE8EB
:1054200012F00F00090018030F000F000F0000BF5B
:10543000004402580121201DFFF71EFD2368054688
:10544000002D40F01682AB49D4F890008A6D22F00E
:10545000070202438A659A061DD5D4F88C20B2F162
:10546000005F00F0738200F2E6804AB1B2F1805F23
:1054700040F0EB800021201DFFF7FEFC236805466D
:10548000002D40F0EE819B49D4F88C004A6D22F04B
:10549000E04202434A655F061DD5D4F89820B2F574
:1054A000006F00F01A8200F2D3804AB1B2F5806F2B
:1054B00040F0D8800021201DFFF7DEFC2368054660
:1054C000002D40F0E0818B49D4F898008A6D22F4D9
:1054D000E05202438A6518061DD5D4F89C20B2F527
:1054E000804F00F0048200F2C0804AB1B2F5005F44
:1054F00040F0C5800021201DFFF7BEFC2368054653
:10550000002D40F0B2817B49D4F89C008A6D22F4D2
:10551000604202438A6519070BD5D4F88010B1F5B3
:10552000805F00F027827348426D22F440520A43A4
:105530004265DA060BD5D4F89410B1F5807F00F0FF
:1055400026826C48826D22F440720A4382651F03F2
:105550000ED5D4F8A010B1F5803F00F0E080B1F591
:10556000003F00F0E380002900F0AF8101263546BE
:1055700058030FD5D4F88420B2F5001F00F0BC808A
:10558000B2F5401F00F0BF80B2F5801F00F095819A
:1055900001263546D90309D5E26C002A00F07B814B
:1055A000B2F5803F00F03581012635469A0000F1C2
:1055B0001B819F0366D4301E18BF0120DE0206D572
:1055C0004C49256F0A6D22F000422A430A65DD002E
:1055D00007D54849D4F8B4500A6922F480422A43D6
:1055E0000A61990206D54349A56E0A6D22F08072C0
:1055F0002A430A655A0009D53E4A116921F400413F
:1056000011611169D4F8B85029431161002B06DAF1
:105610003849256DCA6C22F040522A43CA641B02E5
:1056200007D5344AD4F88810536D23F440030B4354
:105630005365BDE8F88322F08051B1F1804F3FF40B
:105640001FAFB2F1405F3FF41BAF0126354622E7A2
:1056500022F48061B1F5805F3FF432AFB2F5406F64
:105660003FF42EAF0126354635E722F40051B1F55F
:10567000004F3FF445AFB2F5C04F3FF441AF0126B4
:10568000354648E7E26FB2F5807F00F00D8106D91C
:1056900022F48071B1F5007F03D001208EE7002A4B
:1056A000FBD1002DF9D1134D301E696D18BF0120BB
:1056B00021F440710A436A6580E73546002D40F0C9
:1056C000A4800C49606D0A6D22F0070202430A654E
:1056D000FEE40121201DFFF7CFFB23680546002DC6
:1056E00040F0C9800349E06E0A6D22F04052024347
:1056F0000A65D5E500440258012104F12400FFF7B2
:1057000035FC23680546002D40F0C380AC49D4F831
:1057100084004A6D22F4401202434A653AE70221AE
:1057200004F12400FFF722FC23680546002D40F019
:10573000AE80A349D4F8A0008A6D22F4403202431F
:105740008A6515E70121201DFFF796FB23680546B2
:10575000002D40F09A809A49A06F4A6D22F03802DD
:1057600002434A6536E6974F3B6843F480733B60DB
:10577000FBF76CFF804606E0FBF768FFA0EB080034
:10578000642800F27C813B68DA05F5D5002D40F0F5
:10579000A2818B4AD4F8B030116F594011F4407F88
:1057A0000BD0116F106F21F4407140F480301067FE
:1057B000106F20F4803010671167B3F5807F00F020
:1057C0006C8103F44072B2F5407F00F07A817C492D
:1057D0000A6922F47C520A61794AC3F30B03116F00
:1057E0000B4313672368C3E5022104F12400FFF78C
:1057F000BDFB236800283FF4DCAE0126D9E62E4627
:1058000084E42E4601E52E46A2E42E4660E42E46B0
:10581000C0E40221201DFFF72FFB05462368002D61
:1058200040D16749E06CCA6C22F480320243CA64FA
:10583000BCE66349CA6A42F40032CA625CE4604969
:10584000CA6A42F40032CA6277E45D49CA6A42F425
:105850000032CA6293E45A49CA6A42F40032CA6208
:10586000C9E42E4617E62E467FE52E4653E62E4621
:10587000CEE52E46EFE52E4612E52E46A5E42E4651
:10588000E0E42E46FCE42E4625E62E46A2E52E4612
:105890006EE62E467EE64A49CA6A42F40032CA6281
:1058A000002DBED02E4681E64548C16A41F4003144
:1058B000C162002D7FF4F1AEF5E64149CA6A42F4B7
:1058C0000032CA62002DE4D120E7201DFFF7D4FA90
:1058D00005462368002DDAD12BE7022104F12400CC
:1058E000FFF744FB05462368002DCCD1EBE50221F0
:1058F00004F12400FFF73AFB05462368002DB4D1DC
:1059000001E6012104F12400FFF730FB054623687E
:10591000002DB4D18FE4012104F12400FFF726FB10
:1059200005462368002DACD1A2E42549CA6A42F499
:105930000032CA62002D9ED1D4E60221201DFFF75D
:105940009BFA05462368002D97D137E4022104F124
:105950002400FFF70BFB05462368002D81D192E55B
:105960000221201DFFF788FA05462368002D7FF4E9
:105970007AAFF3E4022104F12400FFF7F7FAD4F838
:105980008010236800283FF4CEAD0126CBE502212C
:1059900004F12400FFF7EAFAD4F8941023680028F1
:1059A0003FF4CFAD0126CCE502212430FFF7DEFA2B
:1059B0000646002E3FF470AB2368FFF77BBB00BFA9
:1059C0000044025800480258002104F12400FFF767
:1059D000CDFA23680546FFF7B0BB0021201DFFF775
:1059E0004BFA2368054669E6002104F12400FFF71D
:1059F000BDFA2368054661E6002104F12400FFF7A3
:105A0000B5FA23680546FFF7F6BB002104F1240030
:105A1000FFF7ACFA23680546FFF76EBB34493546FD
:105A2000CA6A42F40032CA6248E6002104F1240046
:105A3000FFF79CFA23680546FFF7A1BB012104F19B
:105A40002400FFF793FA05462368002D7FF40FAF7B
:105A5000D7E4012104F12400FFF788FA0546236802
:105A6000002D7FF406AFEEE4012104F12400FFF7DE
:105A70007DFA05462368002D7FF407AF6BE6032609
:105A80002368354674E40126FFF714BB1848C16A41
:105A900041F40031C162FFF706BBFBF7D7FDDFF829
:105AA0005080074641F2883904E0FBF7CFFDC01B68
:105AB0004845E4D8D8F870309B07F6D5D4F8B03014
:105AC0007FE60B480B4A016902EA131221F47C516C
:105AD0000A43026180E623682E4649E401263546E2
:105AE00096E40126354640E401263546B3E400BF7E
:105AF00000440258CFFFFF004F4A70B4916A956A84
:105B0000D66A15F47C3FC5F30533D46B5DD0C4F37E
:105B1000CC04C6F3001601F0030106FB04F40129CE
:105B200007EE904AB8EEE77A03D0022976D0002932
:105B300050D007EE903A9FED415AF8EEE77A936B1A
:105B4000C5EE276ADFED3E5AC3F3080307EE903A2D
:105B5000B7EE006AF8EEE77AE7EE257A77EE867A16
:105B600066EEA76A344AB7EE006A936BC3F3462326
:105B700007EE903AF8EEE77A70BC77EE867A86EE1A
:105B8000A77ABCEEC77A80ED007A936BC3F3064325
:105B900007EE903AF8EEE77A77EE867A86EEA77A05
:105BA000BCEEC77A80ED017A936BC3F3066307EE10
:105BB000103AB8EEC77A37EE067AC6EE877AFCEE70
:105BC000E77A17EE903A8360704770BCC0E9003303
:105BD000836070471168890627D5146807EE903AEC
:105BE0001849F7EE005A936BC4F3C102F8EEE77A56
:105BF0009FED135AC3F30803D14006EE903A06EE28
:105C0000101AF8EEE66AB8EEC66AE7EE056A86EEA6
:105C1000277A76EEA56A66EE876AA3E707EE903AE2
:105C20009FED095AF8EEE77A89E707EE903A9FED83
:105C3000075AF8EEE77A82E7004402580024744AD3
:105C4000000000390090D00320BCBE4B0024744CEF
:105C50004F4A70B4916A956AD66A15F07C7FC5F395
:105C60000553546C5DD0C4F3CC04C6F3002601F098
:105C7000030106FB04F4012907EE904AB8EEE77A27
:105C800003D0022976D0002950D007EE903A9FED3C
:105C9000415AF8EEE77A136CC5EE276ADFED3E5AFB
:105CA000C3F3080307EE903AB7EE006AF8EEE77A1E
:105CB000E7EE257A77EE867A66EEA76A344AB7EE83
:105CC000006A136CC3F3462307EE903AF8EEE77AC6
:105CD00070BC77EE867A86EEA77ABCEEC77A80ED46
:105CE000007A136CC3F3064307EE903AF8EEE77AB6
:105CF00077EE867A86EEA77ABCEEC77A80ED017AD7
:105D0000136CC3F3066307EE103AB8EEC77A37EEAA
:105D1000067AC6EE877AFCEEE77A17EE903A836051
:105D2000704770BCC0E90033836070471168890612
:105D300027D5146807EE903A1849F7EE005A136C0D
:105D4000C4F3C102F8EEE77A9FED135AC3F30803D8
:105D5000D14006EE903A06EE101AF8EEE66AB8EE7A
:105D6000C66AE7EE056A86EE277A76EEA56A66EEE3
:105D7000876AA3E707EE903A9FED095AF8EEE77AB3
:105D800089E707EE903A9FED075AF8EEE77A82E747
:105D9000004402580024744A000000390090D003E7
:105DA00020BCBE4B0024744C4F4A70B4916A956A73
:105DB000D66A15F47C7FC5F30513546B5DD0C4F32C
:105DC000CC0406F0010601F0030106FB04F40129EE
:105DD00007EE904AB8EEE77A7FD0022976D0002904
:105DE00050D007EE903A9FED415AF8EEE77A136BE8
:105DF000C5EE276ADFED3E5AC3F3080307EE903A7B
:105E0000B7EE006AF8EEE77AE7EE257A77EE867A63
:105E100066EEA76A344AB7EE006A136BC3F34623F3
:105E200007EE903AF8EEE77A70BC77EE867A86EE67
:105E3000A77ABCEEC77A80ED007A136BC3F30643F2
:105E400007EE903AF8EEE77A77EE867A86EEA77A52
:105E5000BCEEC77A80ED017A136BC3F3066307EEDD
:105E6000103AB8EEC77A37EE067AC6EE877AFCEEBD
:105E7000E77A17EE903A8360704770BCC0E9003350
:105E80008360704711688906ABD5146807EE903AB5
:105E90001849F7EE005A136BC4F3C102F8EEE77A23
:105EA0009FED135AC3F30803D14006EE903A06EE75
:105EB000101AF8EEE66AB8EEC66AE7EE056A86EEF4
:105EC000277A76EEA56A66EE876AA3E707EE903A30
:105ED0009FED095AF8EEE77A89E707EE903A9FEDD1
:105EE000075AF8EEE77A82E7004402580024744C1F
:105EF000000000390090D00320BCBE4B0024744A3F
:105F0000B0F5807F00B585B074D0B0F5007F2CD09F
:105F1000B0F5806F00F0CD80B0F5006F7ED0B0F5A9
:105F2000805F58D0B0F5002F00F00281B0F5803FBF
:105F300000F00D81B0F5804F00F0E180B0F5004F2A
:105F400038D1994B1B6D03F04053B3F1805F00F0E3
:105F50008D80B3F1005F00F03D815BBB924B186810
:105F600010F4003043D0914841E08F4A136D03F4A0
:105F7000E073802B00F0988020D9C02B36D0B3F589
:105F8000807F17D1D36C116803F04053490702D5C5
:105F9000002B00F0AE80844A1268D00503D5B3F11F
:105FA000805F00F0FF80804A1268910302D5B3F150
:105FB000005FD8D0002005B05DF804FB002B4CD06A
:105FC000402BF7D1106810F0006010D001A8FFF747
:105FD00093FD01980BE0744A136D03F4E043B3F5AD
:105FE000005F61D037D9B3F5405F79D1704805B013
:105FF0005DF804FB6C4B1B6D03F00703042BD9D831
:1060000001A252F823F000BF6D6000089160000803
:106010007D600008ED5F000879600008624A936DBA
:1060200003F0E063B3F1007F3ED037D9B3F1407F96
:10603000DCD0B3F1806FBDD1D36C126803F0405354
:106040005207A8D5002BA6D1574B5A481B68C3F35B
:10605000C103D840CBE7002B46D1106810F0007088
:10606000C5D001A8FFF7A0FE0298C0E74E4B186804
:1060700010F00070BBD0F4E74B4A83E74A4B186836
:1060800010F00050B3D001A8FFF7E2FD0198AEE791
:10609000454B186810F00060A9D097E7002BDCD0C2
:1060A000B3F1807F8ED085E7106810F000509ED04D
:1060B000E9E73D4A936D03F46003B3F5800FF3D035
:1060C00006D8002BC9D0B3F5001F3FF47BAF71E7B2
:1060D000B3F5C00F8AD0B3F5000F3FF453AF69E7B3
:1060E000B3F5804FA8D065E7B3F5805F3FF46AAFA2
:1060F00060E713682F48C3F3C103D84077E72A4A03
:10610000936D03F0E043B3F1405F6ED03CD8B3F140
:10611000805F5FD0B3F1005F27D1234B186810F088
:1061200000503FF464AF01A8FFF792FD02985EE7CC
:106130001D4A936D03F44033B3F5803F40D0B3F56F
:10614000003F3FF479AF002B7FF434AF3AE7164BB2
:10615000DA6CD2038BD5186810F000603FF447AFBB
:1061600001A8FFF7C9FC039841E7002B7FF422AF99
:10617000FEF742FE0C4B104A1B6AC3F30213D35CBA
:1061800003F01F03D84032E7B3F1804F04D0B3F1DE
:10619000A04F3FF4E3AE0DE7034B186810F4807096
:1061A0003FF425AF054822E70044025840787D01BE
:1061B0000080BB000090D00314DB000800093D0004
:1061C000106810F000503FF412AF01A8FFF740FD37
:1061D00003980CE7084B186810F000603FF407AF15
:1061E00001A8FFF789FC029801E7106810F004008D
:1061F0003FF4FDAE28E700BF004402582DE9F0430C
:10620000044697B00D46FBF721FA002107462068A7
:1062100001F09EFB82015BD44021206801F0B2FBBB
:106220000346E0B1626B626320685A4A01218263CF
:106230000E46626B1343636384F830104FF40071B1
:1062400001F0A0FB38B10123226852491E46916338
:10625000606384F83030304617B0BDE8F083616C7D
:106260002068090402F016F903460028DAD14FF03D
:10627000FF32402369462068CDE9002360220223D3
:10628000CDE9022301230022CDE9042301F064FBC0
:10629000206802F0CBFC03460028C3D106AE04E020
:1062A000FBF7D4F9C01B013016D02068436B13F400
:1062B000957F436B13D11B04F2D506F1200800E053
:1062C000206801F02FFB46F8040B4645F8D1E7E7BC
:1062D00020684FF40063A8E74FF00043A4E71907D4
:1062E00051D4436B9A0750D4436B9B060AD54EE0BA
:1062F00001F018FB46F8040BFBF7A8F9C01B0130AE
:10630000EAD02068436B13F48053F1D106991E46FE
:10631000214A82630A0ADDE908C322F0FF024FEA3C
:106320001C4742EA11625FFA83F827F0FF071FFA61
:1063300082F9079A47EA0807C1F3811892FA82FEA8
:10634000C1F340115FFA8CF285F800806970A5F8FE
:106350000290C5F804E02A72CCF307226A72CCF3EB
:106360000352AA72C3F38522AF81AA73C3F3012239
:10637000EA73C3F3031203F00F032A746B749DF8DE
:106380002B30AB745AE708234FE702234DE7202355
:106390004BE700BFFF0FE01F3A0F00182DE9F04751
:1063A000054686B00F46FBF751F9082106462868D6
:1063B00001F0E8FA044618B1204606B0BDE8F087BF
:1063C000696C2868090402F065F804460028F3D1D6
:1063D0004FF0FF32082369462868CDE900233022B8
:1063E0000223CDE9022300220123CDE9042301F099
:1063F000B3FA286802F0E6F904460028DCD18246A8
:10640000814640F22A5804E0FBF720F9831B013350
:1064100024D02868436B13EA080F436B0CD119038F
:10642000F2D4002CF0D101F07DFA814628680124D5
:1064300001F078FA8246E7E71A0716D4436B9B0708
:106440000FD4446B14F0200413D19AFA8AF299FA0B
:1064500089F30A498163C7E90023ADE74FF000449F
:10646000AAE702231C468363A6E708231C4683632E
:10647000A2E720231C4683639EE700BF3A0F001863
:106480002DE9F04F0D4687B0044692461F46DDF8D1
:106490004080FBF7DBF8002D66D094F83030012BFC
:1064A0005FFA83F950D10AEB0703226D0021934272
:1064B000616363D80323064620684FF0020B84F81B
:1064C0003030A36BC1626946012B4FF00003CDE968
:1064D00004334FF0FF3318BF4FEA4A2A00937B0280
:1064E00001939023CDE9023B01F036FA2068012F99
:1064F000C36843F04003C36030D95146C4F82CB0A0
:1065000001F09CFB002841D1DDF804B004E0FBF76A
:106510009DF8801B404565D22068436B13F4957F3E
:1065200040D1436B1A04F2D5BBF11F0FEFD905F12F
:10653000200A00E0206801F0F5F945F8040BAA45AF
:10654000F8D1ABF1200BE2E7636B4FF0010943F0A8
:1065500000536363484607B0BDE8F08F01235146FE
:10656000E36201F0BDFACDE7636B4FF0010943F040
:1065700000634846636307B0BDE8F08F636B48462D
:1065800043F00073636307B0BDE8F08F2368304ABF
:106590009A630122636B03436363002384F8302012
:1065A000E362D7E7C36823F04003C360436BDB05B6
:1065B00001D5012F25D8436B13F0080335D1426B69
:1065C00012F0020226D1436B13F0200339D0204B86
:1065D00001218363636B43F02003636384F830100D
:1065E000E262B7E723680121194800224FF003094E
:1065F0009863636B43F00043636384F83010E26296
:10660000A8E7A36B032BD6D001F022FD0028BDD153
:106610002068D0E70E4A01218263626B42F00202D9
:10662000626384F83010E36294E7094B01228363CC
:10663000636B43F008036363002384F83020E36254
:1066400088E7044901229946816384F8302081E774
:10665000FF0FE01F3A0F00182DE9F04F0D4689B0EB
:10666000044692461F46DDF84880FAF7EFFF002DFA
:1066700065D094F83030012B5FFA83F950D10AEBE2
:106680000703226D00219342616362D8032306460B
:10669000206884F83030A36BC16202A9012B4FF04F
:1066A0000003CDE9053307934FF0FF3318BF4FEADE
:1066B0004A2A02937B0203939023049301F04CF93E
:1066C0002068012F5146C36843F04003C36031D9AD
:1066D0002023E36201F00EFC002842D1DDF80CB06B
:1066E00004E0FAF7B3FF801B404566D22068436B95
:1066F00013F48D7F41D1436B5A04F2D5BBF11F0FC8
:10670000EFD905F1200A00E0206855F8043B01A903
:10671000019301F00BF95545F6D1ABF1200BE0E701
:10672000636B4FF0010943F000536363484609B0BF
:10673000BDE8F08F1023E36201F02EFBCCE7636B22
:106740004FF0010943F000634846636309B0BDE8B8
:10675000F08F636B484643F00073636309B0BDE894
:10676000F08F23682F4A9A630122636B03436363AC
:10677000002384F83020E362D8E7C36823F04003A5
:10678000C360436BDB0501D5012F23D8436B13F0A6
:10679000080333D1426B12F0020224D1436B13F091
:1067A000100337D01F4B01218363636B43F0100349
:1067B000636384F83010E262B8E721680122194867
:1067C00000234FF003098863616B616384F8302014
:1067D000E362ABE7A36B032BD8D001F039FC0028B0
:1067E000BFD12068D2E70F4A01218263626B42F079
:1067F0000202626384F83010E36297E7094B0122DA
:106800008363636B43F008036363002384F83020E1
:10681000E3628BE7044901229946816384F83020C2
:1068200084E700BFFF0FE01F3A0F0018704700BF5A
:10683000C26D034610B4C2F38360940F0C70C2F3B0
:1068400001644870C2F307408C70C870C2F307201F
:10685000D2B2087100204A711A6E140DCC80C2F3B6
:1068600003440C72C2F3C0344C72C2F380348C7295
:10687000C2F34034CC72C2F300340C734873986B8B
:1068800000286FD140F6FC74586E04EA8202C0F30F
:10689000C26442EA90720A61C0F342520C75C0F3BE
:1068A00002644C75C0F382448A75C0F3C232CC7561
:1068B0000A760C690A7E013402F007020232944023
:1068C00001229C6491F808C00CF00F0C02FA0CF243
:1068D000DA64520A04FB02F21A65C0F380324FF404
:1068E00000745C65C0F3C6144A7600F07F028C76B3
:1068F0000020CA769B6EDC0FC3F341720C77C3F3A2
:1069000082644A77C3F383528C77C3F34054CA77C7
:10691000C3F3004281F82040C3F3C03481F8210062
:1069200081F82220C3F3803281F82340C3F340343E
:1069300081F82420C3F3003281F82540C3F3812479
:1069400081F82620C3F3012281F82740C3F34603D0
:1069500081F82820012281F8293081F82A205DF869
:10696000044B704701280FD11204586E4FF4007485
:1069700002F47C1242EA10420A610A69DC640132C4
:1069800092029A641A65A8E71A6801210548906383
:1069900008465A6B42F080525A6383F830105DF813
:1069A000044B7047FF0FE01FF0B5002295B00023A5
:1069B00004464FF48030CDE90423CDE90623FFF7E8
:1069C0009FFA40B901264FF0006384F8306063639A
:1069D000304615B0F0BD060A8C4B07AA0546A3FB4E
:1069E000063604AB36090896760092E803008DE877
:1069F00003000ECB206800F079FF206800F09CFFB8
:106A00008348B5FBF6F5B0FBF5F00130FAF724FE4C
:106A100000232068039301F0D1FC054670BB206879
:106A200001F0F8FCB0F1004F00F0D6800123E363E1
:106A30000021206801F02EFD48BB039B4FF6FE7637
:106A4000B34200F2DB80734F10E0206801F0D0FD0C
:106A50000146E0B9206800F07BFF039B002803F1AA
:106A600001030393039B15DBB34213D80021206875
:106A700001F010FD39460028E7D00546012684F8CC
:106A800030603046636B2B43636315B0F0BD4FF04D
:106A90008055F3E7039A4FF6FE739A4200F2B280F4
:106AA00010F0804F4FF0000318BF0125A3630023AF
:106AB000A563ADF80A30FAF7C9FD0546206800F075
:106AC00043FF50B3A36B032B32D10421206800F0A5
:106AD0003FFF034609A920461B0D2364FFF7A8FECC
:106AE0000646002840F08480616C2068090401F0AB
:106AF000B7FBA0B94FF40071206800F043FF0028F5
:106B00003FF466AF23680122434916469963636BDD
:106B10000343636384F830205AE74FF08060012616
:106B200084F83060636B03433046636315B0F0BD97
:106B3000206801F0EFFE0028F1D10146206800F046
:106B400007FF034604212068E36600F001FF0346C7
:106B500008212068236700F0FBFE03460C21206813
:106B6000636700F0F5FEA36BA067032BADD041F285
:106B7000873609E0206801F04BFF0028CFD1FAF7F3
:106B800065FD431BB34236D8BDF80A300DF10A014A
:106B9000002BEFD0A26B032A97D0190420686364FE
:106BA00001F0F6FE0028BAD10146206800F0D0FEC0
:106BB000034604212068E36500F0CAFE034608216D
:106BC0002068236600F0C4FE03460C21206863663B
:106BD00000F0BEFEA06678E72068E56301F0EEFBFA
:106BE00000287FF44AAFE36B012B7FF426AF1FE749
:106BF0004FF0805093E74FF0004090E7039BB34283
:106C00007FF655AF4FF0807538E700BF598B4F01C5
:106C100010210100000010C1FF0FE01FF0B5D0E906
:106C20000EE3D0E91076D0E91254D0E91420C1E97E
:106C300000E3C1E90620C1E902760020C1E904545D
:106C4000F0BD00BF0322836B934230B5044689B088
:106C50000D4680F8302040D0B1F5004F3DD0B1F561
:106C6000804F7DD000295CD0436B43F000634363C9
:106C7000636B002B38D14FF48030FFF741F90028C7
:106C800048D02269504B616804950592A3FB0053DC
:106C900062690291B2EB136FA1684FEA1365039129
:106CA0000ED2A16DB1F5007F0AD0B1F5807F79D009
:106CB00012B15300B0FBF3F0444B984288BF2A4610
:106CC00005A9069202AB002503C98DE803000ECB8F
:106CD000206800F00BFE20680AE0636B43F08053ED
:106CE0006363636B002BC6D020680125384B836338
:106CF0004FF4007100F046FE30B123680125344A9C
:106D00009A63636B034363630123284684F830303E
:106D100009B030BD636B0125206843F000636363F5
:106D2000E6E7002200230068CDE9022300F010FE10
:106D3000820134D402A92046FFF730FB60B9039BDF
:106D4000DB0335D5616C2068090401F0A3FB18B999
:106D50000146206801F088FC636B03436363C0E76E
:106D60000022002300210068CDE9022300F0F0FD9D
:106D7000800114D402A92046FFF710FB0028EBD1B4
:106D8000039B590314D5616C2068090401F082FB50
:106D90000028E1D10221206801F066FCDCE74FF415
:106DA0000060D9E73AB90B49884289D95A0E87E77A
:106DB0004FF08060D0E75100B0FBF1F1054881420F
:106DC0007FF67EAFF2E700BF893BE65540787D0154
:106DD000FF0FE01F80F0FA02F0B587B0002845D021
:106DE00090F83030044603F0FF02002B42D0042319
:106DF000204684F83030FFF7D7FD002836D194F8CC
:106E00003030032B32D001A92046FFF7F7F968BBD9
:106E1000A16B9DF8143001299DF81520DBB2D2B288
:106E20002CD00346E1682046A365FFF70BFF06461A
:106E3000E0B9FAF70BFC07460CE02068294600F0A1
:106E400087FDC0F3432004281FD0FAF7FFFBC31BC4
:106E5000013320D0616C2068090401F039FE054639
:106E60000028EAD0636B03436363EEE701263046F4
:106E700007B0F0BD0276FAF767F8B8E713430CBF26
:106E80004FF480734FF40073CCE701236563E56230
:106E900084F83030EBE74FF00042012303266263B1
:106EA00084F83030E3E700BF416C10B509040446B4
:106EB000006801F00DFE014620B1636B00200B431A
:106EC000636310BD206800F043FDC0F3432010BD94
:106ED000704700BF704700BF704700BF704700BFDA
:106EE000F0B50446006883B0E56A436B1A042BD5FD
:106EF0002B0700F1E280436BDB0579D54FF48072FC
:106F0000934B8263C26B1340C363C36B23F0805304
:106F1000C363C36823F04003C360290612D500236E
:106F200015F0220F8362C362036540F0FE800122E8
:106F3000002315F0300F84F83020E36240F0F18038
:106F4000AA0724D103B0F0BD436BDF0524D54FF46D
:106F500080727F4B2E078263C26B03EA0203C36316
:106F6000C36B23F08053C363C36823F04003C36043
:106F7000D3D515F0220F40F0B980764B0122836300
:106F80000023A80784F83020E36200F0AA8020469E
:106F900002F0A6FD03B0F0BD436B5B0429D52F07BB
:106FA00027D5236A1F2BCDD9E669371D06F12405A5
:106FB00000E0206817F8043C043701A9019317F892
:106FC000072C43EA0223019317F8062C43EA0243F5
:106FD000019317F8052C43EA0263019300F0A6FC25
:106FE000AF42E6D1236A2036203BC4E90763A9E714
:106FF000436B436B13F03A0F436B4FD09E0703D59F
:10700000636B43F002036363436B190703D5636B40
:1070100043F008036363436B9A0603D5636B43F045
:1070200020036363436BDB0603D5636B43F01003FC
:107030006363484B8363C36B23F49D73C363C3686B
:1070400023F04003C360C36A43F40053C362C368C0
:1070500043F08003C36000F0FBFF626B23684FF4D2
:10706000006110436063DA6822F08002DA6015F094
:107070000802996340D12F067FF564AF616B002948
:107080003FF460AFD96B0125204621F08051D963D0
:107090001A6584F83050FFF7C9FB53E7DE007FF52F
:1070A00051AF4FF080538363036D20465C072CD4AF
:1070B000A9064AD5FFF712FF44E7D4E909531F2B6D
:1070C0007FF640AF05F1200600E0206800F02AFCC2
:1070D00045F8040BB542F8D1A36A6562203BA36270
:1070E00030E7204602F0F6FC03B0F0BD00F0B0FF40
:1070F000034678B9206840E701220023204684F83F
:107100003020E362FFF792FB1CE7AA061AD5FFF7CF
:10711000E3FE17E7626B204613436363FFF786FBCA
:10712000E8E7204602F0D6FC0AE700F091FF0346AC
:1071300000283FF4FCAE626B204613436363FFF705
:1071400075FBF4E6FFF7C4FEFCE6FFF7C3FEF9E6C5
:10715000C53EFFFF3A0F001818B338B590F82C3031
:1071600004460D4603F0FF02B3B12146022384F822
:107170002C3051F8040B00F007FB626829462068A8
:1071800000F040FB084A01210020136843F000434F
:10719000136084F82C1038BD80F82D20F9F7E2F93F
:1071A000E3E70120704700BF00400052704700BF76
:1071B00003689B69DB0700D4704710B50446FFF7EE
:1071C000F5FF2268536943F00103536110BD00BF0E
:1071D00070B590F82C300446022BD8B204D000F0E1
:1071E000FB06012E01D0012070BD02230D46206850
:1071F00084F82C3000F054FB2B68022B03D00020C5
:1072000084F82C6070BD0523002084F82C3070BDFC
:1072100038B590F82C300446022BD8B205D094F83B
:107220002C30012BDDB201D0012038BD02232068B3
:1072300084F82C3000F04CFB002084F82C5038BD32
:10724000002800F0A58038B590F83D30044603F0E2
:10725000FF02002B76D0226802234E49B2F1804F04
:1072600084F83D30A2EB01011368B1FA81F14FEAD5
:10727000511127D031BB4848484D824267D000F5B4
:107280008060824263D0551B00F58060B5FA85F5B9
:1072900082424FEA551563D0002D61D140484149E3
:1072A0008A4218BF824265D001F580618A4261D06E
:1072B000A06923F08003E168034313606368D1622F
:1072C000936223E0354D23F07003A068551B034300
:1072D000B5FA85F56D09206923F440730343A0696D
:1072E00023F0800303431360E368D362636893620F
:1072F00051B94DB92A492B4B9A4218BF8A4203D043
:1073000003F580639A4201D163691363012300206E
:10731000536184F8483084F83E3084F83F3084F874
:10732000403084F8413084F8423084F8433084F8A7
:10733000443084F8453084F8463084F8473084F887
:107340003D3038BD80F83C20FAF77AF883E7551BCA
:1073500023F07003A068B5FA85F503436D09BAE719
:10736000A06823F0700303430F488242B3D0002D7E
:10737000B1D193E7206923F44073A1690343E06826
:1073800023F080030B4361681360D0629162B1E720
:10739000012070470000014000040040000401404B
:1073A0000040014000440140000C004090F83C3097
:1073B000012B00F081800246022330B404680120D2
:1073C00082F83D3082F83C005A4BA5682B40A36000
:1073D0000B68702B00F09C8025D8502B6ED039D9CB
:1073E000602B18D1236A486823F01003C968236210
:1073F000A36923F4704343EA0133216A21F0A00119
:10740000A3614D4B41EA001100202162A1680B40AD
:1074100043F06703A3600121002382F83D1082F846
:107420003C3030BC7047B3F5005F60D033D943497E
:107430008B4206D029D942498B4202D010318B426F
:10744000E9D1A0683C4901400020194341F00701FF
:10745000A160E0E7402B23D1236A4868CD6823F080
:107460000A03216A1843344B21F001012162A1690A
:1074700021F0F00141EA0511A16120620020A1681C
:107480000B4043F04703A360C5E723F01001B1F5BB
:10749000801FC0D1D5E7B3F5805018BF0120BAE7EF
:1074A000B9D8202BCDD003D9302BCAD00120B2E7D8
:1074B00033F01001AFD1C4E702207047236A486857
:1074C000CD6823F00A03216A18431B4B21F0010108
:1074D0002162A16921F0F00141EA0511A161206258
:1074E0000020A1680B4043F05703A36093E7D1E964
:1074F0000153A0682B43CD6820F47F41002043EA6C
:1075000005230B43A360A36843F48043A36082E791
:10751000D1E90153A0682B43CD6820F47F410020BE
:1075200043EA05230B43A360A36843F07703A360FA
:1075300071E700BF8800CEFF8FFFCFFF2000100053
:1075400030001000704700BF704700BF704700BF99
:10755000704700BF704700BF03681A69910710B5F4
:10756000044602D5DA68920768D41A69520702D530
:10757000DA6850074FD41A69110702D5DA68120782
:1075800037D41A69D00602D5DA68D1061ED41A6932
:10759000D20702D5DA68D00769D41A69110602D574
:1075A000DA6812066BD41A69D00502D5DA681106BA
:1075B0006DD41A69520602D5DA6850066FD41A697A
:1075C000910602D5DA68920649D410BD6FF0100119
:1075D0000822204619612277DB6913F4407F6FD1BE
:1075E000FFF7B2FF2046FFF7B3FF002223682277A0
:1075F000CDE76FF008010422204619612277DB698C
:107600009B075AD1FFF7A0FF2046FFF7A1FF0022FA
:1076100023682277B5E76FF0040102222046196142
:1076200022779B6913F4407F44D1FFF78DFF2046FA
:10763000FFF78EFF0022236822779CE76FF002019C
:107640000122196102779B69990730D1FFF77CFF0E
:107650002046FFF77DFF00222368227785E76FF041
:10766000200220461A61BDE8104000F087B86FF094
:10767000010220461A61FFF765FF23688DE76FF06E
:10768000800220461A6100F07BF823688BE76FF4D4
:10769000807220461A6100F075F8236889E76FF060
:1076A000400220461A61FFF755FF236887E7FFF77E
:1076B0004DFFD0E7FFF74AFFBCE7FFF747FFA6E71C
:1076C000FFF744FF91E700BF90F83C30012B4BD00F
:1076D00003680246022030B4244D82F83D00AB42DC
:1076E00058689C6829D005F58065AB4225D0204DAF
:1076F00020F07000AB4218BFB3F1804F05F58065F4
:107700000CBF4FF0010C4FF0000CAB4208BF4CF027
:10771000010C05F58065AB4208BF4CF0010C0D680B
:107720002843144D5860AB4214BF60464CF0010032
:1077300060B91148834209D00DE04D6820F4700013
:1077400028430D6820F0700028435860896824F0B1
:1077500080040C439C6000230121184682F83D10F0
:1077600082F83C3030BC7047022070470000014076
:10777000000400400018004000400140704700BF76
:10778000704700BF704700BF0B6810B4D3B90468DE
:10779000A3F500434A6823401343D1E9024223433F
:1077A0001343D1E9044223431343D1E9064223435F
:1077B0001343D1E9084223435DF8044B13430360AC
:1077C000002070470268D1E9074322F4F8422243BF
:1077D0004C6A1A430A4B2243026042681340D1E9C3
:1077E000014223431343D1E9034223431343D1E925
:1077F000054223435DF8044B134343600020704768
:107800000080FFFF30B40ABB8368D1E9002403F095
:107810007043013C013A43EA04131343D1E90242A5
:10782000013C013A43EA0423D1E9045443EA023318
:107830008A69013D611E013A43EA054343EA015367
:1078400043EA026330BC8360002070478568CA68E1
:10785000124B541E4A692B408D68013A43EA0433A7
:1078600005F1FF3C43EA0253D1E900248360C36879
:10787000013C013A03F0704343EA04130C691343DB
:107880008A69611E43EA0C23013A43EA014343EA51
:10789000026330BCC3600020704700BFFF0F0FFFC2
:1078A00010B4D1E90034024600692343D1E902143F
:1078B00043EA4423054C01390440002023435DF88A
:1078C000044B43EA41131361704700BF0000C0FF3F
:1078D0000246054B002010B4546923405DF8044B68
:1078E00043EA41015161704701C0FFFF84B010B409
:1078F0000DF1080C14468CE80E000B460499024664
:107900000598234354680B430699034300200B4317
:10791000034921405DF8044B0B4304B053607047AA
:10792000002CC0FFD0F88000704700BF03460A68F3
:107930000020C3F880207047034600201A6842F0F8
:1079400003021A60704700BF006800F00300704730
:1079500014304058704700BF30B4D1E902340D698B
:107960000246234308684C6850622B43486994627E
:10797000D16A0343002021F0FF010B4330BCD362E6
:10798000704700BF504A8446504B1268CCF808102C
:10799000A3FB0232DCF80C104D4841F21013520ADE
:1079A000084041F28831034301FB02F2CCF80C306D
:1079B000531E4AB14749DCF83420013B0A4201D04A
:1079C000920404D5581CF6D14FF000407047DCF803
:1079D0003430580745D4DCF8340010F0010037D1BA
:1079E0003D4BCCF83830DCF81030DBB2102B36D100
:1079F000DCF814303948184000282FD0002B35DB34
:107A0000590036D49A0036D4D90036D41A0137D466
:107A1000590138D4DA0139D419023AD45A023BD484
:107A2000990245D4DA0240D459033BD49A0336D4A0
:107A3000D90346D41A0441D459043CD49A040BD433
:107A400013F0080F14BF4FF400004FF4803070475C
:107A50000123CCF8383070474FF480007047012084
:107A6000704704231846CCF8383070474FF0007048
:107A7000704740207047802070474FF480707047F7
:107A80004FF4007070474FF4806070474FF400600F
:107A900070474FF4805070474FF4005070474FF4D8
:107AA000802070474FF4003070474FF4004070471B
:107AB0004FF4804070474FF4001070474FF480102F
:107AC00070474FF40020704708000024D34D621027
:107AD000C0E0FEFF45002000C500200008E0FFFDDB
:107AE000504A8446504B1268CCF80810A3FB02326F
:107AF000DCF80C104D4841F21113520A084041F2D3
:107B00008831034301FB02F2CCF80C30531E4AB11A
:107B10004749DCF83420013B0A4201D0920404D5E5
:107B2000581CF6D14FF000407047DCF8343058074D
:107B300045D4DCF8340010F0010037D13D4BCCF8CF
:107B40003830DCF81030DBB2112B36D1DCF81430D1
:107B50003948184000282FD0002B35DB590036D487
:107B60009A0036D4D90036D41A0137D4590138D402
:107B7000DA0139D419023AD45A023BD4990245D4D5
:107B8000DA0240D459033BD49A0336D4D90346D4FD
:107B90001A0441D459043CD49A040BD413F0080FAE
:107BA00014BF4FF400004FF4803070470123CCF82D
:107BB000383070474FF4800070470120704704232D
:107BC0001846CCF8383070474FF0007070474020AE
:107BD0007047802070474FF4807070474FF40070FA
:107BE00070474FF4806070474FF4006070474FF467
:107BF000805070474FF4005070474FF4802070471A
:107C00004FF4003070474FF4004070474FF480400D
:107C100070474FF4001070474FF4801070474FF4D6
:107C20000020704708000024D34D6210C0E0FEFF22
:107C300045002000C500200008E0FFFD504A8446B2
:107C4000504B1268CCF80810A3FB0232DCF80C1081
:107C50004D4841F21213520A084041F28831034361
:107C600001FB02F2CCF80C30531E4AB14749DCF854
:107C70003420013B0A4201D0920404D5581CF6D1AD
:107C80004FF000407047DCF83430580745D4DCF83A
:107C9000340010F0010037D13D4BCCF83830DCF81F
:107CA0001030DBB2122B36D1DCF8143039481840D2
:107CB00000282FD0002B35DB590036D49A0036D45B
:107CC000D90036D41A0137D4590138D4DA0139D45D
:107CD00019023AD45A023BD4990245D4DA0240D46C
:107CE00059033BD49A0336D4D90346D41A0441D459
:107CF00059043CD49A040BD413F0080F14BF4FF46A
:107D000000004FF4803070470123CCF838307047C2
:107D10004FF4800070470120704704231846CCF8C8
:107D2000383070474FF00070704740207047802017
:107D300070474FF4807070474FF4007070474FF4F5
:107D4000806070474FF4006070474FF48050704778
:107D50004FF4005070474FF4802070474FF40030CC
:107D600070474FF4004070474FF4804070474FF425
:107D7000001070474FF4801070474FF40020704798
:107D800008000024D34D6210C0E0FEFF4500200033
:107D9000C500200008E0FFFD504A8446504B1268A1
:107DA000CCF80810A3FB0232DCF80C104D4841F26D
:107DB0001813520A084041F28831034301FB02F2D2
:107DC000CCF80C30531E4AB14749DCF83420013B53
:107DD0000A4201D0920404D5581CF6D14FF000405D
:107DE0007047DCF83430580745D4DCF8340010F024
:107DF000010037D13D4BCCF83830DCF81030DBB225
:107E0000182B36D1DCF814303948184000282FD010
:107E1000002B35DB590036D49A0036D4D90036D43D
:107E20001A0137D4590138D4DA0139D419023AD4B5
:107E30005A023BD4990245D4DA0240D459033BD4C8
:107E40009A0336D4D90346D41A0441D459043CD4F5
:107E50009A040BD413F0080F14BF4FF400004FF432
:107E6000803070470123CCF8383070474FF48000E1
:107E700070470120704704231846CCF8383070470B
:107E80004FF00070704740207047802070474FF4DB
:107E9000807070474FF4007070474FF480607047F7
:107EA0004FF4006070474FF4805070474FF400501B
:107EB00070474FF4802070474FF4003070474FF404
:107EC000004070474FF4804070474FF400107047F7
:107ED0004FF4801070474FF40020704708000024D2
:107EE000D34D6210C0E0FEFF45002000C500200019
:107EF00008E0FFFD504A8446504B1268CCF8081049
:107F0000A3FB0232DCF80C104D4841F21913520A5F
:107F1000084041F28831034301FB02F2CCF80C30F7
:107F2000531E4AB14749DCF83420013B0A4201D0D4
:107F3000920404D5581CF6D14FF000407047DCF88D
:107F40003430580745D4DCF8340010F0010037D144
:107F50003D4BCCF83830DCF81030DBB2192B36D181
:107F6000DCF814303948184000282FD0002B35DBBE
:107F7000590036D49A0036D4D90036D41A0137D4F1
:107F8000590138D4DA0139D419023AD45A023BD40F
:107F9000990245D4DA0240D459033BD49A0336D42B
:107FA000D90346D41A0441D459043CD49A040BD4BE
:107FB00013F0080F14BF4FF400004FF480307047E7
:107FC0000123CCF8383070474FF48000704701200F
:107FD000704704231846CCF8383070474FF00070D3
:107FE000704740207047802070474FF48070704782
:107FF0004FF4007070474FF4806070474FF400609A
:1080000070474FF4805070474FF4005070474FF462
:10801000802070474FF4003070474FF400407047A5
:108020004FF4804070474FF4001070474FF48010B9
:1080300070474FF40020704708000024D34D6210B1
:10804000C0E0FEFF45002000C500200008E0FFFD65
:1080500001467C4BC0681A6840F080007A4B30B40F
:108060007A4C0025C860A4FB0242C868784C20F016
:108070004000520AC86041F20C108D6004FB02F20D
:10808000CC6823401843C8604AB1531E71484A6BFC
:10809000013B024201D0920409D55C1CF7D1CB68A8
:1080A0004FF0004023F08003CB6030BC70474B6B37
:1080B0005B0752D4486B10F001003BD1664B8B63D9
:1080C0000B69DBB20C2B42D14B69644A1A40002A7F
:1080D00037D0002B35DB5D0046D49C004AD4D80055
:1080E0004ED41A0153D45D0158D4DC0164D4180273
:1080F0005BD45A026ED49D0265D4DC027FD458034F
:1081000076D49A036DD4DD0300F195801C0400F150
:10811000848058047AD49A0400F1868013F0080F02
:10812000CB6823F0800314BF4FF400004FF480307D
:10813000CB60BAE701238B63CB6823F08003CB606D
:10814000B3E7CB6823F0800330BCCB607047CB68CB
:10815000012023F08003CB60A7E704208863CB686D
:1081600023F08003CB60A0E7CB68402023F080039E
:10817000CB609AE7CB68802023F08003CB6094E744
:10818000CB684FF4807023F08003CB608DE7CB6821
:108190004FF4007023F08003CB6086E7CB684FF488
:1081A000806023F08003CB607FE7CB684FF4805082
:1081B00023F08003CB6078E7CB684FF4006023F0B6
:1081C0008003CB6071E7CB684FF4804023F08003DD
:1081D000CB606AE7CB684FF4005023F08003CB609C
:1081E00063E7CB684FF4802023F08003CB605CE72B
:1081F000CB684FF4003023F08003CB6055E7CB68A9
:108200004FF4004023F08003CB604EE7CB684FF47F
:10821000001023F08003CB6047E7CB684FF4801059
:1082200023F08003CB6040E7CB684FF4800023F05D
:108230008003CB6039E7CB684FF4002023F0800344
:10824000CB6032E708000024C0E0FEFFD34D62108F
:1082500000E1F50545002000C500200008E0FFFD15
:10826000504A8446504B1268CCF80810A3FB0232E7
:10827000DCF80C104D4841F20713520A084041F255
:108280008831034301FB02F2CCF80C30531E4AB193
:108290004749DCF83420013B0A4201D0920404D55E
:1082A000581CF6D14FF000407047DCF834305807C6
:1082B00045D4DCF8340010F0010037D13D4BCCF848
:1082C0003830DCF81030DBB2072B36D1DCF8143054
:1082D0003948184000282FD0002B35DB590036D400
:1082E0009A0036D4D90036D41A0137D4590138D47B
:1082F000DA0139D419023AD45A023BD4990245D44E
:10830000DA0240D459033BD49A0336D4D90346D475
:108310001A0441D459043CD49A040BD413F0080F26
:1083200014BF4FF400004FF4803070470123CCF8A5
:10833000383070474FF480007047012070470423A5
:108340001846CCF8383070474FF000707047402026
:108350007047802070474FF4807070474FF4007072
:1083600070474FF4806070474FF4006070474FF4DF
:10837000805070474FF4005070474FF48020704792
:108380004FF4003070474FF4004070474FF4804086
:1083900070474FF4001070474FF4801070474FF44F
:1083A0000020704708000024D34D6210C0E0FEFF9B
:1083B00045002000C500200008E0FFFD114B0146EC
:1083C000114A1B6830B4114C0025A4FB034385609F
:1083D000C4685B0A41F28830224000FB03F342F498
:1083E0008052CA6002E04A6B120605D4013BFAD201
:1083F0004FF0004030BC7047054B002030BC8B6311
:10840000704700BF08000024C0E0FEFFD34D62109B
:10841000C500200001461C4A1C4B12681C48A3FBE7
:10842000023241F2081310B44FF4D574520A8C6032
:10843000CC682040034341F2883000FB02F2CB605D
:108440004AB1531E4A6B013B12F0450F01D0900414
:1084500006D55C1CF6D14FF000405DF8044B704728
:108460004B6B5A070CD4486B10F0010005D14B6BD5
:108470005B06F2D540238B63EFE701238B63ECE7C8
:10848000042318468B63E8E708000024D34D6210EC
:10849000C0E0FEFF504A8446504B1268CCF80810EA
:1084A000A3FB0232DCF80C104D4841F23713520A9C
:1084B000084041F28831034301FB02F2CCF80C3052
:1084C000531E4AB14749DCF83420013B0A4201D02F
:1084D000920404D5581CF6D14FF000407047DCF8E8
:1084E0003430580745D4DCF8340010F0010037D19F
:1084F0003D4BCCF83830DCF81030DBB2372B36D1BE
:10850000DCF814303948184000282FD0002B35DB18
:10851000590036D49A0036D4D90036D41A0137D44B
:10852000590138D4DA0139D419023AD45A023BD469
:10853000990245D4DA0240D459033BD49A0336D485
:10854000D90346D41A0441D459043CD49A040BD418
:1085500013F0080F14BF4FF400004FF48030704741
:108560000123CCF8383070474FF480007047012069
:10857000704704231846CCF8383070474FF000702D
:10858000704740207047802070474FF480707047DC
:108590004FF4007070474FF4806070474FF40060F4
:1085A00070474FF4805070474FF4005070474FF4BD
:1085B000802070474FF4003070474FF40040704700
:1085C0004FF4804070474FF4001070474FF4801014
:1085D00070474FF40020704708000024D34D62100C
:1085E000C0E0FEFF45002000C500200008E0FFFDC0
:1085F000194A8446194B1268CCF80810A3FB0232C2
:10860000DCF80C10164841F22913520A084041F2D6
:108610008831034301FB02F2CCF80C30531E4AB1FF
:10862000DCF83420013B12F0450F01D0920404D550
:10863000591CF5D14FF000407047DCF8340010F0C1
:10864000040003D1074BCCF8383070470423184698
:10865000CCF83830704700BF08000024D34D6210BA
:10866000C0E0FEFFC5002000504A8446504B12680F
:10867000CCF80810A3FB0232DCF80C104D4841F294
:108680000613520A084041F28831034301FB02F20B
:10869000CCF80C30531E4AB14749DCF83420013B7A
:1086A0000A4201D0920404D5581CF6D14FF0004084
:1086B0007047DCF83430580745D4DCF8340010F04B
:1086C000010037D13D4BCCF83830DCF81030DBB24C
:1086D000062B36D1DCF814303948184000282FD04A
:1086E000002B35DB590036D49A0036D4D90036D465
:1086F0001A0137D4590138D4DA0139D419023AD4DD
:108700005A023BD4990245D4DA0240D459033BD4EF
:108710009A0336D4D90346D41A0441D459043CD41C
:108720009A040BD413F0080F14BF4FF400004FF459
:10873000803070470123CCF8383070474FF4800008
:1087400070470120704704231846CCF83830704732
:108750004FF00070704740207047802070474FF402
:10876000807070474FF4007070474FF4806070471E
:108770004FF4006070474FF4805070474FF4005042
:1087800070474FF4802070474FF4003070474FF42B
:10879000004070474FF4804070474FF4001070471E
:1087A0004FF4801070474FF40020704708000024F9
:1087B000D34D6210C0E0FEFF45002000C500200040
:1087C00008E0FFFD01464D4A4D4B12684D48A3FBA2
:1087D000023241F2331310B40024520A8C60CC6888
:1087E0002040034341F2883000FB02F2CB604AB1E3
:1087F000531E45484A6B013B024201D0940406D502
:108800005A1CF7D14FF000405DF8044B70474B6B9A
:1088100058073DD4486B10F0010034D13B4B8B63BB
:108820000B69DBB2332B31D14B6939481840002832
:10883000EAD0002B30DB5A0031D49C0031D4D9006F
:1088400031D41A0132D45C0133D4D90134D41A02A0
:1088500035D45C0236D4990240D4DA023BD45C03AE
:1088600036D4990331D4DA0344D41C043FD45904D8
:108870003AD49A0435D413F0080F14BF4FF4000013
:108880004FF48030C0E701238B63BDE70120BBE7D5
:10889000042318468B63B7E74FF00070B4E740201D
:1088A000B2E78020B0E74FF48070ADE74FF400707E
:1088B000AAE74FF48060A7E74FF40060A4E74FF405
:1088C0008050A1E74FF400509EE74FF480209BE7D3
:1088D0004FF4003098E74FF4004095E74FF48040A4
:1088E00092E74FF480008FE74FF400108CE74FF4CD
:1088F000801089E74FF4002086E700BF08000024BD
:10890000D34D6210C0E0FEFF45002000C5002000EE
:1089100008E0FFFD01461A4A1A4B12681A48A3FBE9
:10892000023241F2023310B40024520A8C60CC6847
:108930002040034341F2883000FB02F2CB604AB191
:10894000531E4A6B013B12F0450F01D0920406D52D
:10895000581CF6D14FF000405DF8044B70474B6B4C
:108960005B0709D4486B5DF8044B10F0010014BF9D
:108970000123064B8B637047042318468B63EBE798
:1089800008000024D34D6210C0E0FEFFC5002000A7
:108990001B4A84461B4B1268CCF80810A3FB02321A
:1089A000DCF80C10184841F20933520A084041F231
:1089B0008831034301FB02F2CCF80C30531E4AB15C
:1089C000DCF83420013B12F0450F01D0920404D5AD
:1089D000591CF5D14FF000407047DCF834305B078C
:1089E00009D4DCF8340010F0010014BF0123074B58
:1089F000CCF83830704704231846CCF8383070472C
:108A000008000024D34D6210C0E0FEFFC500200026
:108A100000232B4A8446126810B48360C368294837
:108A2000294CA0FB020241F288301C4041F20313A2
:108A3000520A234300FB02F2CCF80C3052B1531E11
:108A4000DCF83420013B12F0450F01D0940406D528
:108A50005A1CF5D14FF000405DF8044B7047DCF82C
:108A60003430580721D4DCF8340010F0010016D15E
:108A7000DCF81030DBB2032B15D1144BCCF83830B6
:108A8000DCF8143013F4604017D05A0412D413F4F5
:108A9000004F14BF4FF480504FF48030DCE70123C7
:108AA000CCF83830D8E70120D6E704231846CCF8B4
:108AB0003830D1E74FF40050CEE71B0C0B80CBE7EA
:108AC00008000024D34D6210C0E0FEFFC500200066
:108AD000504A8446504B1268CCF80810A3FB02326F
:108AE000DCF80C104D4841F20D13520A084041F2D7
:108AF0008831034301FB02F2CCF80C30531E4AB11B
:108B00004749DCF83420013B0A4201D0920404D5E5
:108B1000581CF6D14FF000407047DCF8343058074D
:108B200045D4DCF8340010F0010037D13D4BCCF8CF
:108B30003830DCF81030DBB20D2B36D1DCF81430D5
:108B40003948184000282FD0002B35DB590036D487
:108B50009A0036D4D90036D41A0137D4590138D402
:108B6000DA0139D419023AD45A023BD4990245D4D5
:108B7000DA0240D459033BD49A0336D4D90346D4FD
:108B80001A0441D459043CD49A040BD413F0080FAE
:108B900014BF4FF400004FF4803070470123CCF82D
:108BA000383070474FF4800070470120704704232D
:108BB0001846CCF8383070474FF0007070474020AE
:108BC0007047802070474FF4807070474FF40070FA
:108BD00070474FF4806070474FF4006070474FF467
:108BE000805070474FF4005070474FF4802070471A
:108BF0004FF4003070474FF4004070474FF480400E
:108C000070474FF4001070474FF4801070474FF4D6
:108C10000020704708000024D34D6210C0E0FEFF22
:108C200045002000C500200008E0FFFD01464D4A38
:108C30004D4B12684D48A3FB023241F20D1310B4A4
:108C40000024520A8C60CC682040034341F28830F3
:108C500000FB02F2CB604AB1531E45484A6B013B10
:108C6000024201D0940406D55A1CF7D14FF00040BF
:108C70005DF8044B70474B6B58073DD4486B10F0C0
:108C8000010034D13B4B8B630B69DBB20D2B31D12F
:108C90004B69394818400028EAD0002B30DB5A00D5
:108CA00031D49C0031D4D90031D41A0132D45C01C2
:108CB00033D4D90134D41A0235D45C0236D49902A3
:108CC00040D4DA023BD45C0336D4990331D4DA03BE
:108CD00044D41C043FD459043AD49A0435D413F034
:108CE000080F14BF4FF400004FF48030C0E7012399
:108CF0008B63BDE70120BBE7042318468B63B7E70E
:108D00004FF00070B4E74020B2E78020B0E74FF4A6
:108D10008070ADE74FF40070AAE74FF48060A7E7DA
:108D20004FF40060A4E74FF48050A1E74FF40050E7
:108D30009EE74FF480209BE74FF4003098E74FF414
:108D4000004095E74FF4804092E74FF480008FE7B2
:108D50004FF400108CE74FF4801089E74FF40020A7
:108D600086E700BF08000024D34D6210C0E0FEFF7C
:108D700045002000C500200008E0FFFD84B08446C7
:108D800000B583B00DF1140E8EE80E000A9B012B86
:108D90003DD1826BA3F14213119922F48032012953
:108DA0008263C26803EA0203C360C36823F440130A
:108DB000C36078D000233E4A009303E0DCF8103013
:108DC000002B3FDB009B013393420093F6D9032035
:108DD000089B012B16D1DCF85C20364B92B2CCF804
:108DE0005C20DCF85C201343CCF85C30DCF8083005
:108DF00043F00603CCF80830DCF8083043F02003D9
:108E0000CCF8083003B05DF804EB04B07047C368D9
:108E10000021274A43F04003C360019103E0DCF8DE
:108E20001030002B2ADB019B013393420193F6D9CA
:108E300003200E9BDBB9DCF8383043F48033CCF8E8
:108E40003830C5E700231A4A0093DCF8103043F0AD
:108E50000103CCF8103004E0DCF8100010F0010041
:108E6000B6D0009B013393420093F5D9AFE7DCF80D
:108E7000383023F48033CCF83830A9E700230C4A8B
:108E80000193DCF8103043F00103CCF8103004E01B
:108E9000DCF8100010F00100CBD0019B01339342AD
:108EA0000193F5D9C4E7C36843F48013C36081E735
:108EB000400D03000000EE03022A03460AD04FF4DF
:108EC0001051DA68002022F47052DA60DA680A433E
:108ED000DA607047234A24480A4482422CD9234A44
:108EE00023480A4482422AD9224A23480A44824219
:108EF00028D9224A22480A44824226D3214A2248BB
:108F00000A44824224D9214A21480A44824222D377
:108F1000204A21480A448242D1D3204A20480A44A8
:108F200082421BD31F4A20480A44824234BF4FF476
:108F3000E0514FF4C051C4E74FF47051C1E74FF412
:108F40006051BEE74FF45051BBE74FF44051B8E7D2
:108F50004FF43051B5E74FF42051B2E74FF40051D0
:108F6000AFE700BF405327FFFF340C00401E1BFF3C
:108F70003F420F0000DC0BFF7F4F1200808CF9FE98
:108F800020D6130060B6E5FE5FE3160000D3CEFEE8
:108F900040771B00C05BB3FEC091210000CA91FE68
:108FA00020753800E05459FEE09C41000346002043
:108FB0009A6842F001029A60704700BF03460020A1
:108FC0009A6822F001029A60704700BF38B5C36802
:108FD0000129054623F0C043C36017D0A1B9C36877
:108FE0000C4643F08043C36001E0322C0CD00120DA
:108FF0000444F8F731FB6B69DB07F6D4A4F13200C7
:10900000B0FA80F0400938BD012038BDC3680024A3
:1090100043F00053C36001E0322CF5D0012004443A
:10902000F8F71AFB6B69DA07F6D5A4F13200B0FA4B
:1090300080F04009E7E700BF84B084462DE9F043A3
:1090400083B00BAC84E80E000023159CC0F80431FB
:10905000C0F80831C0F80C31C0F81031C0F8143134
:10906000C0F81831C0F81C31C0F82031C0F82431E4
:10907000C0F82831C0F82C31C0F83031C0F8343194
:10908000C0F83831C0F83C31002C40F0B180D0F845
:10909000043800F5006E43F00203CEF80430836B11
:1090A00023F400138363036843F040030360036801
:1090B00043F0800303600023CCF8003EDEF800306C
:1090C000CEF80030109B012B00F0BF80DEF800309E
:1090D00043F00303CEF800300023634A009304E01A
:1090E000DCF81030002BC0F29C80009B01339342CF
:1090F0000093F5D9012000235B4A019303E0DCF8DB
:109100001030002B7BDB019B013393420193F6D996
:1091100001200022CEF81020CEF81420CEF81C201A
:10912000D1B10CF510634FF090484FF0006916462E
:109130004FF67F3706E01E6001321E619F602033CC
:10914000914239D01D68002DF5DA12B1C3F80080C4
:10915000F2E7C3F80090EFE7DEF81030002223F4C6
:109160008073CEF810306FF08043CCF81820CCF824
:1091700014300E9B2BB9DCF8183043F01003CCF8F8
:109180001830DCF81820394B1343119ACCF81830FA
:109190002AB1DCF8183043F00803CCF81830012C61
:1091A00005D1DCF81820324B1343CCF8183003B04B
:1091B000BDE8F04304B0704700220CF530634FF077
:1091C00090484FF0006916464FF67F3706E01E6064
:1091D00001321E619F6020339142BDD01D68002D79
:1091E000F5DA12B1C3F80080F2E7C3F80090EFE7B8
:1091F000836B00F5006E43F4001383635BE7002389
:10920000194A01931023CCF8103004E0DCF8103038
:10921000DB067FF57EAF019B013393420193F5D9C5
:1092200076E70023104A00934FF48463CCF81030A3
:1092300005E0DCF8100010F020003FF45CAF009B6C
:10924000013393420093F4D954E70D9B23B9DEF820
:109250000030CEF800303FE7DEF8003043F0010385
:10926000CEF8003038E700BF400D030000383C80E6
:109270000400004082B00023114A019302E0036918
:10928000002B07DB019B013393420193F7D90320A5
:1092900002B0704789010023094A41F0200101937F
:1092A000016103E0036913F0200305D0019B013342
:1092B00093420193F6D9EAE7184602B0704700BF1F
:1092C000400D0300D0F8083813F0060004D013F066
:1092D000020F14BF02200F20704700BF30B44B783C
:1092E0000A78012B20D002F00F0C4FF48033D0F815
:1092F0001C4800EB421203FA0CF32343C0F81C385D
:10930000D2F8003B1B040CD48B68D2F8004BC3F39B
:109310000A03C8781449234343EA80431943C2F837
:10932000001B002030BC704700F5006402F00F0500
:1093300000EB4210AB40E5692B43E361D0F8003904
:109340001C04EED48B68D0F80059C3F30A03CC7820
:1093500005492B4343EA844343EA8253194330BC13
:10936000C0F8001900207047008000104A780B7880
:10937000012A00EB431C2AD0DCF8002B002A19DB61
:109380004FF4803203F00F03D0F83C1802FA03F3D5
:10939000234A21EA0301C0F83C18D0F81C1821EA3E
:1093A0000303C0F81C380020DCF8003B1A40CCF85E
:1093B000002B7047DCF8002B42F00062CCF8002B49
:1093C000DCF8002B42F08042CCF8002BD8E7DCF828
:1093D0000029002A0BDADCF8002942F00062CCF800
:1093E0000029DCF8002942F08042CCF8002903F083
:1093F0000F020123D0F83C1893400A4A21EA0301E6
:10940000C0F83C18D0F81C1821EA0303C0F81C3837
:109410000020DCF800391A40CCF80029704700BF62
:109420000078F3EF007833EC2DE9F0414B7891F8B8
:1094300000C0012B51D000EB4C1C844CDCF8105BBD
:109440000CF530632C401C61814C1D692C401C6163
:109450004C6984B38D68012A7E4E2C4404F1FF349C
:10946000B4FBF5F406EAC44EA4B204FB05F51C698E
:109470004EEA0404C5F312051C611C6945EA0405A3
:109480001D6125D0CB78012B0CD1D0F8083813F40E
:10949000807FDCF8003B0CBF43F0005343F0805367
:1094A000CCF8003BDCF8003B43F00443CCF8003B35
:1094B0000020BDE8F0818C68012A1D69C4F3120404
:1094C00044EA05041C611C6944F400241C61D9D1E0
:1094D000CA68002AD6D05A61D4E74D69002D3ED023
:1094E00000EB4C14D1F80880584FD4F810E9584ECE
:1094F0000EEA070705EB080EC4F810790EF1FF3EDF
:10950000D4F81079BEFBF8FE3E40C4F81069514E05
:10951000D4F8107906EACE463E43C4F81069C5F384
:109520001206D4F810793E43C4F8106904F51066A9
:1095300091F803E0BEF1010F57D0012A72D0D4F8A0
:1095400000290CF00F0C42F0044203FA0CF3C4F8AB
:109550000029D0F834281343C0F83438A8E700EBCA
:109560004C133B4E394C012AD3F8107906EA070612
:10957000C3F81069D3F8106946F40026C3F81069DF
:10958000D3F8106904EA060403F51066C3F810491D
:1095900091F803E03AD0D3F80049BEF1010F44F04E
:1095A0000444C3F8004983D1D0F8083813F4807F0D
:1095B00033680CBF43F0005343F080533360002AFC
:1095C0007FF476AFADB20335AD083FF471AFCB6831
:1095D00000EB0C3C03EB85010CF5805C53F8042B8D
:1095E0008B42CCF80020F9D162E73369012A23F0DD
:1095F000C0433361336943F00053336117D0D4F86B
:10960000003943F00443C4F80039CDE70B6963B96E
:10961000BEF1010F0ED03368002043F004433360E5
:10962000BDE8F0810B69002BF5D07361F0E70B69A1
:10963000002BFAD1D0F8083813F4807F33680CBFC0
:1096400043F0005343F080533360E4E70000F8FF39
:10965000FFFF07E00000F81FF0B54C780B78012CF5
:1096600026D000EB4310574CD0F8105B00F5306368
:109670002C401C61544C1D692C401C614C69A4B9E0
:109680008C681D69C4F31204012A45F400251D618C
:109690001D6944EA05041C6149D0D0F8003B43F041
:1096A0000443C0F8003B0020F0BD8C684C61E8E743
:1096B0004C69002C40D000EB4315424FD1F808E034
:1096C000D5F810C9404E74450CEA070705F5106C33
:1096D000C5F81079D5F8107906EA0706C5F81069BB
:1096E00058D9DCF81040012AC1F814E044F40024F1
:1096F000CCF81040CEF31204DCF8106044EA060403
:10970000CCF810403AD0D5F8002942F00442C5F810
:109710000029BEF1000FC6D003F00F010123D0F8DD
:1097200034288B401343C0F834380020F0BDCA6899
:10973000002AB2D05A61B0E700EB43132248012A55
:10974000D3F8104903F5106C00EA0400CCF81000BF
:10975000DCF8100040F40020CCF810001948DCF8C8
:10976000104000EA0400CCF8100007D0D3F800291C
:10977000002042F00442C3F80029F0BD0B690BB190
:10978000CCF81430DCF80030002043F00443CCF86F
:109790000030F0BDDCF81060C4F31204012A46F476
:1097A0000026CCF81060DCF8106044EA0604CCF81F
:1097B0001040E3D0D5F8002942F00442C5F8002952
:1097C000AAE700BF0000F8FFFFFF07E010B49DF814
:1097D000044064B903339B0809D0013201EB8303D1
:1097E00000EB023051F8042B8B420260FAD10020CA
:1097F0005DF8044B704700BF30B55FEA920E02F08F
:1098000003050BD000F580548C46002301332268F9
:109810009E454CF8042BF9D101EB8E016DB100F59A
:1098200080506B1E02689BB20A702BB1100A012B8C
:10983000487001D0120C8A702944084630BD00BF20
:109840004A780B78012A00EB43100CD0D0F8002B9B
:109850000BB1002A14DAD0F8003B43F40013C0F82F
:10986000003B00207047D0F80029002A00DB73B9C4
:10987000D0F8003943F40013C0F8003900207047D5
:10988000D0F8003B23F08043C0F8003BE3E7D0F87A
:10989000003923F08043C0F80039D0F8003943F490
:1098A0000013C0F80039E9E74A780B78012A00EB89
:1098B000431013D0D0F8003B23F40013C0F8003B52
:1098C000CB78023B012B01D900207047D0F8003B38
:1098D00043F08053C0F8003B00207047D0F80039B7
:1098E00023F40013C0F80039CB78023B012BEBD8EE
:1098F000D0F8003943F08053C0F800390020704799
:10990000034609010020D3F8002801F4FE6122F487
:10991000FE62C3F80028D3F800281143C3F80018EA
:10992000704700BF03460020D3F8002E03F5006106
:1099300022F00302C3F8002ED3F8043823F0020308
:109940004B60704703460020D3F8002E03F50061FA
:1099500022F00302C3F8002ED3F8043843F00203C8
:109960004B6070474269806910407047D0F81838E2
:10997000D0F81C081840000C704700BFD0F8183809
:10998000D0F81C08184080B2704700BF00EB4111AE
:1099900000F50060D1F8082B40691040704700BF07
:1099A000D0F81028D0F8343800EB411001F00F0146
:1099B000D0F80809CB40DB01DBB2134318407047F5
:1099C000406900F0010070470346094A002003F592
:1099D000006110B4D3F8004922405DF8044BC3F88D
:1099E0000029D3F8043843F480734B60704700BFFC
:1099F00000F8FFFF144B10B4046C9C421AD800F519
:109A00003060002301290361036943F400230361EB
:109A1000036943F018030361036943F0C043036122
:109A200004D14261036843F08023036000205DF8A5
:109A3000044B7047D0F8003B00F53060002BE0DAB3
:109A400000205DF8044B70470A30544F08B50349B5
:109A5000034800F063FF034B187008BD540700244F
:109A6000A8DD00085807002410B5944682B01C46B3
:109A70000A466346014600940348FCF701FD00389E
:109A800018BF012002B010BDA005002410B59446F7
:109A900082B01C460A466346014600940348FCF720
:109AA000DBFD003818BF012002B010BDA005002466
:109AB00008B50348FDF7F8F9043818BF012008BDC0
:109AC000A005002401460148FDF7A8B8A005002420
:109AD000704700BF08B5FFF7FBFF08BD704700BF28
:109AE00008B5FFF7FBFF08BD00B5012383B08DF873
:109AF000073000F021F808B98DF807009DF807003D
:109B000003B05DF804FB00BF08B5FFF7EDFF0128C7
:109B100001D0022008BD0748FDF75EF90028F9D101
:109B20004FF480410348FDF78DF8003818BF01203D
:109B300008BD00BFA00500240821044808B5F8F7B7
:109B4000F1FBB0FA80F0400908BD00BF00200258C8
:109B500038B50A4C01252570FFF7D6FF08B12078EB
:109B600038BD2570FFF7A4FF18B9237803F0FE0372
:109B700023702378DBB22370207838BD18000024CE
:109B800010B50123054C2370FFF792FF18B9237815
:109B900003F0FE032370207810BD00BF18000024DE
:109BA00008B5084611461A464FF0FF33FFF75CFF31
:109BB00008B1012008BDFFF77BFF0028FAD0FFF7AE
:109BC00077FF0028F7D1F5E7184B30B518788BB040
:109BD00010F0010406D11546032924D8DFE801F06E
:109BE000060A121A032420460BB030BD0C4620464C
:109BF0000BB030BD01A8FFF765FF079B20462B6027
:109C00000BB030BD01A8FFF75DFF089B20462B80FD
:109C10000BB030BD01A8FFF755FF089B20465B0A3B
:109C20002B600BB030BD0424DDE700BF180000241A
:109C300008B5084611461A464FF0FF33FFF726FFD6
:109C400008B1012008BDFFF733FF0028FAD0FFF765
:109C50002FFF0028F7D1F5E710B5D0F8BC4294B13A
:109C6000D0F8C0326BB194F80002FF2809D09B688D
:109C7000214694F801229847FF23002084F80032FF
:109C800010BD002010BD032010BD00BF03464322BD
:109C900001481A80704700BF540000240346432245
:109CA00001481A80704700BF9800002403464322F1
:109CB00001481A80704700BFE800002403460A22CA
:109CC00001481A80704700BFDC00002438B5D0F886
:109CD000BC527DB1044601F017F9024605F5037147
:109CE000D4F8C032D5F80402DB68C5F80C229847D6
:109CF000002038BD032038BD70B5D0F8BC52D0F874
:109D0000C4425DB301EB810E84460A4600EB8E0E21
:109D1000DEF818306BB9DCF8C03200241B69C5F8D6
:109D20001442CBB105F50471D5F8080298472046D6
:109D300070BDC1EBC10604EB8604646CB3FBF4F6A2
:109D400004FB1634002CE6D123462246CEF81840F8
:109D500001F0BEF8204670BD184670BD032070BDEE
:109D6000F0B5002383B0D0F8BC628DF80530ADF8B3
:109D70000630002E67D091F800C007460C461CF054
:109D800060051ED0202D07D021463846032500F05F
:109D900047FD284603B0F0BDCA888AB31CF0800F87
:109DA00055D01D46D0F8C032314660789B68984740
:109DB000E28831463846072A28BF072200F066FDB0
:109DC000E7E74B780B2BDFD801A252F823F000BF56
:109DD000319E0008939D0008899D0008899D000818
:109DE000899D0008899D0008899D0008899D0008BB
:109DF000899D0008899D00081D9E0008139E00088B
:109E0000D0F8C032154648789B689847284603B07A
:109E1000F0BD90F89C32032BBBD0B5E790F89C3294
:109E2000032BB1D101220DF1050100F02FFDB0E7A8
:109E300090F89C22032AA7D102220DF106011D46AB
:109E400000F024FDA5E70325284603B0F0BD4978BE
:109E50001D4686F8012286F80012314600F02EFDDC
:109E600097E700BF38B504460025812100F0E4FFE4
:109E700001212046258700F0DFFF82212046A4F83B
:109E8000785100F0D9FFD4F8BC32E5644BB1D4F876
:109E9000C0325B689847D4F8BC0201F03DF8C4F8C2
:109EA000BC52002038BD00BF2DE9F04104464FF4FC
:109EB000077001F02DF80546002850D0237CC4F827
:109EC000BC028BB3402302228121204600F0A2FF76
:109ED0000121402302222046218700F09BFF01261A
:109EE000102208238221A4F84E2020460322A4F841
:109EF000786100F08FFFD4F8C0324FF00008A4F86A
:109F00004C601B689847C5F81482C5F81882277CF6
:109F1000D7B94FF40073D5F804223146204600F03B
:109F2000E5FF3846BDE8F0814FF40073022281213D
:109F3000204600F06FFF01214FF4007302222046FB
:109F4000218700F067FFCAE747464023D5F804227F
:109F50003146204600F0CAFF3846BDE8F0810227AE
:109F6000C4F8BC023846BDE8F08100BF034619B111
:109F70000020C3F8C012704703207047D0F8BC32ED
:109F80002BB10020C3F80812C3F810227047032039
:109F9000704700BFD0F8BC321BB10020C3F80412D8
:109FA00070470320704700BFD0F8BC2292B110B5B3
:109FB000D2F814420CB1012010BD01238121C2F856
:109FC0001432D2F81032D2F80822C36200F080FFB7
:109FD000204610BD03207047D0F8BC2210B59AB1BE
:109FE000047C44B100244023D2F80422012100F073
:109FF0007DFF204610BD4FF40073D2F804220121EA
:10A0000000F074FF204610BD0324204610BD00BFA1
:10A0100078B10023C0F8B832C0F8C032C0F8CC32F2
:10A0200009B1C0F8B4120123027080F89C3200F02C
:10A03000A7BE0320704700BF30B5002483B0ADF841
:10A04000064081B1CB6A0546C0F8B81243B10DF1A4
:10A050000600984703462046C5F8CC3203B030BD11
:10A06000184603B030BD032003B030BD00F0C4BEBD
:10A07000D0F8B8320BB11B6818470320704700BFF7
:10A0800008B5D0F8B8320BB15B689847002008BD1E
:10A0900038B500F2AA250446284600F0B5FBB4F80E
:10A0A000B03294F8AA120122C4F8983201F01F03CA
:10A0B000C4F89422934209D0022B13D063B12046F6
:10A0C00001F08001BDE8384000F0C4BE29462046BA
:10A0D000BDE8384000F0C4BA29462046BDE8384003
:10A0E00000F02AB929462046BDE8384000F0F0BA11
:10A0F00070B5044629B9D0F89432032B0DD0002056
:10A1000070BD90F89C32032BF9D1D0F8B8329B691E
:10A11000002BF4D0BDE870401847D0E95735AB426A
:10A1200008D890F89C32032B0FD0204600F0DEFBBD
:10A13000002070BD5B1B11462A469D42C0F85C3171
:10A1400028BF1A4600F0C8FBD9E7D0F8B8321B691F
:10A15000002BEAD09847E8E770B5044649B9D0F833
:10A160009432022B11D094F8A032012B22D000207F
:10A1700070BD90F89C32032BF9D1D0F8B8325B69EE
:10A18000002BF4D0BDE870401847D0E907360D46E3
:10A19000B34214D820D094F89C32032B2FD08021C6
:10A1A000204600F057FE204600F0ACFB94F8A032A9
:10A1B000012BDCD10023002084F8A03270BD9B1B52
:10A1C0001146C3611A4600F06FFB2B462A4629460A
:10A1D000204600F08BFEC6E782699342DBD8D0F8B8
:10A1E00098329A42D7D20A4600F05EFB2B462A46A6
:10A1F00029462046C4F8985200F078FEB3E7D4F818
:10A20000B832DB68002BCAD020469847C7E700BFAA
:10A2100000210122D0F8B83280F89C224160C0F8B9
:10A220009412C0F8A412EBB1D0F8BC2270B5044669
:10A2300012B15B6803B198474025002201262046F1
:10A240002B46114600F0E6FD2B46002280212046D9
:10A25000A4F86461C4F8605100F0DCFD0020A6841D
:10A26000256270BD032070470346002019747047B3
:10A2700003460421002093F89C22D2B283F89D2249
:10A2800083F89C12704700BF90F89C32042B04D1D5
:10A2900090F89D32DBB280F89C320020704700BFFE
:10A2A000D0F8B8225AB108B590F89C32032B01D0EF
:10A2B000002008BDD36923B19847002008BD0320C2
:10A2C0007047184608BD00BFD0F8B8225AB108B58B
:10A2D00090F89C32032B01D0002008BD136A23B1F3
:10A2E0009847002008BD03207047184608BD00BFEE
:10A2F000D0F8B8225AB108B590F89C32032B01D09F
:10A30000002008BD536A23B19847002008BD0320F0
:10A310007047184608BD00BF002070470121D0F8E3
:10A32000B82280F89C122AB15268017908B590478A
:10A33000002008BD0020704770B50C7882B00E4632
:10A34000054604F06004202C0ED0402C0CD0A4B1A3
:10A350008021284600F07EFD002128460C4600F0B2
:10A3600079FD204602B070BDD5F8B8323146284696
:10A370009B6802B0BDE8704018474B78092BE7D8BE
:10A3800001A252F823F000BFE9A3000813A40008BB
:10A3900051A3000831A4000851A3000839A4000803
:10A3A00071A4000851A300088DA40008B1A30008FF
:10A3B0008978AA4E0129317000F23E8190F89C32D2
:10A3C000022BDAB200F02781032A00F003818021FA
:10A3D000032400F03FFD0021284600F03BFD3178CA
:10A3E0002846FFF74DFEBCE790F89C22013A022A6E
:10A3F00064D8CA88022A61D1D0F8A4420146002C50
:10A400001C4614BF0323012341F80C3F00F03EFA21
:10A41000A7E790F89C32013B022B4FD84B88012BC9
:10A420009FD100232846C5F8A43200F05FFA98E7D0
:10A430004B88012B95D1F5E78B88002B3ED1CB883B
:10A44000002B3BD14E887F2E38D890F89C32032BBE
:10A4500034D0F1B280F89E1200F02CFD284600F0B6
:10A4600045FA002E40F0D380012385F89C3278E72E
:10A4700000234A88ADF80630130A013B062B1DD88D
:10A48000DFE803F05A4D621C1C432700CA88012AEA
:10A4900014D190F89C120229CBB200F29480002BC8
:10A4A0003FF456AF0146002341F8083F00F0EEF9B3
:10A4B00057E7D0F8B4325B68002B5CD18021284686
:10A4C00000F0C8FC0021284600F0C4FC204602B081
:10A4D00070BD037C002BF1D1D0F8B8320DF106002D
:10A4E0001B6B984707234370F288002A67D0BDF89A
:10A4F0000630002BE2D09A420146284628BF1A4671
:10A50000ADF8062000F0C2F92BE7037C002BD5D173
:10A51000D0F8B8320DF106005B6B9847E4E7037C96
:10A52000002B40F09280D0F8B8320DF106009B6A03
:10A53000984702234370D7E7D0F8B4320DF10601F3
:10A54000007C1B689847CFE7D2B2052AB6D801A392
:10A5500053F822F0B3A40008A5A5000899A50008A7
:10A560008DA5000881A500086DA50008D0F8B432BB
:10A570009B69002BA2D00DF10601287C9847B3E718
:10A58000D0F8B4325B69002BF5D197E7D0F8B4323C
:10A590001B69002BEFD191E7D0F8B432DB68002BB8
:10A5A000E9D18BE7D0F8B4329B68002BE3D185E783
:10A5B000022341600C4680F89C32FFF761FD28467B
:10A5C00000F094F9CDE6032B7FF4C2AE011D00F03C
:10A5D0005DF9C6E60029EBD041680129EFD0C9B288
:10A5E000FFF74EFD317828466960FFF741FD0646CA
:10A5F0000028E4D08021284600F02CFC00212846C9
:10A60000344600F027FC29792846FFF739FD02235C
:10A6100085F89C32A5E60029D1D001214160FFF7E1
:10A6200027FD044600287FF449AF284600F05EF974
:10A63000032385F89C3294E68021032400F00AFC71
:10A640000021284600F006FC8BE6D0F8B8320DF168
:10A650000600DB6A98470223437045E75907002448
:10A6600038B50B780D46044603F06002402A0BD043
:10A670005B0609D50025802100F0ECFB2046294629
:10A6800000F0E8FB284638BD94F89C32013B022BD1
:10A6900012D82B79012B0FD8D4F8B832294620468E
:10A6A0009B689847EB880546002BEBD10028E9D141
:10A6B000204600F01BF9E5E78021204600F0CAFBA8
:10A6C000002120460D4600F0C5FB284638BD00BFDE
:10A6D00070B50B780C4605468A8803F06003202B82
:10A6E0001BD0402B19D003B38021284600F0B2FBC9
:10A6F0000021284600F0AEFB002070BD90F89C328F
:10A70000022BDAB24DD0032AEED16388002BF3D1AD
:10A710004E0672D1284600F0E9F8D5F8B832214645
:10A7200028469B68BDE8704018476378D1B2012B7A
:10A73000E4D0032B24D0002BD6D190F89C32022BEE
:10A74000D8B237D00328CFD101F00F03120603EBA4
:10A75000830305EB83033ED4B3F86431002BC3D0ED
:10A7600001F07F03142404FB035404F5AA74002BA6
:10A770003CD1022221462846236000F087F8BBE73F
:10A7800090F89C32022BDAB20BD0032AACD163884A
:10A790001BB94A0601D0E38893B3284600F0A6F817
:10A7A000AAE74B06A0D000F055FB8021284600F018
:10A7B00051FBA1E7480697D111064FF000034FF077
:10A7C000020228464CBF05F1140105F5AA710B6081
:10A7D00000F05CF890E79B8C002B85D001F07F03A4
:10A7E0005C1C04EB840405EB8404C0E7284600F0FD
:10A7F0004DFB031E18BF0123BBE700F039FB89E7BF
:10A8000000F028FBC9E700BF0B7803704B7843705A
:10A810004B8843808B888380CB88C380704700BF80
:10A8200010B50446802100F015FB00212046BDE84C
:10A83000104000F00FBB00BF18B3037830B40BB367
:10A840000446C0F1010C04EB0C0314F8015FDBB209
:10A85000002DF8D101335B00DCB2138003230C70B0
:10A860004B7004785CB1022300255A1CCC5402338F
:10A87000D2B2DBB28D5410F8014F002CF5D130BCB0
:10A880007047704702242346E7E700BF10B5134620
:10A8900002240A460021C0F89442C0E9063300F0C1
:10A8A00017FB002010BD00BF8C46002108B51346E1
:10A8B000624600F00DFB002008BD00BF10B5134636
:10A8C00003240A460021C0F89442C0E9563300F040
:10A8D0000DFB002010BD00BF8C46002108B51346BB
:10A8E000624600F003FB002008BD00BF002310B546
:10A8F00004241A461946C0F8944200F0E9FA0020F0
:10A9000010BD00BF002310B505241A461946C0F833
:10A91000944200F0EBFA002010BD00BF114B10B4C0
:10A920005C7ACCB904F0FF025C7A1A555C7A03EBCE
:10A93000840460605C7A587A1C442272441C303073
:10A94000E4B25C723A242F2308704C7010465DF814
:10A95000044BCA708B70704701225DF8044B10469F
:10A96000704700BF5C07002408B5002219491A4847
:10A97000FFF74EFB88B919491748FFF75DFBA0B9EF
:10A9800017491548FFF7F2FAB8B91348FFF76EFBFD
:10A99000D0B9BDE80840F9F707BDF6F7C3FA0F498B
:10A9A0000D48FFF749FB0028EAD0F6F7BBFA0C493F
:10A9B0000948FFF7DBFA0028E7D0F6F7B3FA0648B4
:10A9C000FFF754FB0028E4D0F6F7ACFABDE80840E6
:10A9D000F9F7EABC40010024680700241C000024A9
:10A9E0002C01002400207047002070470020704791
:10A9F00010B5054C01462046FFF7CCFA2046FFF77C
:10AA0000EBFA002010BD00BF6807002410B5064C0B
:10AA1000002206492046FFF7B1FA05492046FFF714
:10AA2000B9FA002010BD00BF6807002438120024C6
:10AA3000380A00240FB410B582B00E4C4FF40061F8
:10AA40000D4804AB53F8042B019300F0D3FFD4F866
:10AA5000BC32D3F814323BB982B207492046FFF723
:10AA60008DFA2046FFF7A0FA02B0BDE8104004B00E
:10AA7000704700BF680700243812002412230148E1
:10AA80000B8070475C010024042301480B80704751
:10AA90007001002410B5044C0A4604482146FFF713
:10AAA000CBFE204610BD00BF381A0024BCDD0008D4
:10AAB00010B5044C0A4604482146FFF7BDFE204667
:10AAC00010BD00BF381A0024D0DD000810B5044CBA
:10AAD0000A4604482146FFF7AFFE204610BD00BFDE
:10AAE000381A0024E8DD000810B5044C0A46044872
:10AAF0002146FFF7A1FE204610BD00BF381A0024F2
:10AB0000F4DD0008464A4FF01A0CD2F80038D2F8AB
:10AB10000808A1F800C01B1801D142487047180F5F
:10AB2000B3F1204FD2F804184FF0000C3D4A2CBF6F
:10AB30003730303082F803C04FF0000C9070C3F310
:10AB4000036082F805C04FF0000C092882F807C0A6
:10AB50004FF0000C8CBF3730303082F809C04FF016
:10AB6000000C1071C3F3035082F80BC04FF0000CBF
:10AB7000092882F80DC08CBF373030309071C3F394
:10AB8000034009288CBF373030301072C3F30330D4
:10AB900009288CBF373030309072C3F30320092866
:10ABA0008CBF373030301073C3F3031003F00F0342
:10ABB00009288CBF37303030092B90734FF00000DC
:10ABC00094BF30333733B1F1204FD07313744FEA51
:10ABD00011734FF000002CBF373330335074002016
:10ABE0009374C1F30363D0740020092B50754FF0A8
:10ABF00000008CBF37333033D0751375C1F3035366
:10AC00000848092B8CBF373330339375C1F30343A6
:10AC1000092B94BF303337331376002353767047B4
:10AC200000E0F11F74010024214B026830B59A4204
:10AC300089B04FF00004CDE90244CDE90444069404
:10AC400001D009B030BD1B4DF9F7AEFB4FF4C05237
:10AC500002A9D5F8E03043F00103C5F8E030D5F89B
:10AC6000E03003F001030093022300981248CDE97D
:10AC7000022300220223CDE904230A230693F7F7D7
:10AC80001FFAD5F8D83022462146652043F00063EC
:10AC9000C5F8D830D5F8D83003F000630193019B94
:10ACA000F6F704FD6520F6F73FFD09B030BD00BFA3
:10ACB00000000840004402580000025800F571717D
:10ACC000D0F80404FFF7E4B9C1EBC10300EB830340
:10ACD000D0F80404D3F80822FFF70ABAC1EBC10385
:10ACE00000EB8303D0F804049A6CFFF735BA00BF79
:10ACF000D0F80404FFF7D4BAC16810B5044611B106
:10AD000002290AD10121D4F80404FFF7ADFAD4F8DE
:10AD10000404BDE81040FFF77BBAF6F703F9012100
:10AD2000F1E700BF10B50446D0F80404FFF7A0FA1D
:10AD30002268D2F8003E43F00103C2F8003E236AC5
:10AD400023B1034A136943F00603136110BD00BF2A
:10AD500000ED00E0D0F80404FFF796BAD0F8040440
:10AD6000FFF7C6BAD0F80404FFF7AEBAD0F804046F
:10AD7000FFF7D2BAD0F80404FFF7D0BA0000000001
:10AD800002780AB100207047194B02219FED167B13
:10AD900010B5C3F80404C0F8C4320920154C58603B
:10ADA00018461C6099615A621A6383ED0A7BC3E9F5
:10ADB0000312C3E90722F8F745FD78B980210C4852
:10ADC000F9F7AEFA402200210948F9F783FA802208
:10ADD00001210748F9F77EFA002010BDF6F7A2F826
:10ADE000ECE700BFAFF300800000000000000000AF
:10ADF000381C002400000840D0F8C40208B5F8F759
:10AE0000B7FD032802D8024B185C08BD032008BD1B
:10AE100004DE00089446D0F8C4021A4608B563461A
:10AE2000F9F70AF9032802D8024B185C08BD032081
:10AE300008BD00BF04DE0008D0F8C40208B5F9F769
:10AE400039F9032802D8024B185C08BD032008BD5D
:10AE500004DE0008D0F8C40208B5F9F7BBF90328EE
:10AE600002D8024B185C08BD032008BD04DE0008B0
:10AE7000D0F8C40208B5F9F7F1F9032802D8024B5B
:10AE8000185C08BD032008BD04DE00080A06D0F8DF
:10AE9000C43206D4C1EBC10103EB810393F8FE0178
:10AEA000704701F07F01C1EBC10103EB810393F80F
:10AEB0003E007047D0F8C40208B5F9F7A7F8032898
:10AEC00002D8024B185C08BD032008BD04DE000850
:10AED000D0F8C40208B5F9F755F9032802D8024B97
:10AEE000185C08BD032008BD04DE0008D0F8C402C9
:10AEF00008B5F9F715F9032802D8024B185C08BD0C
:10AF0000032008BD04DE0008D0F8C402F9F730B908
:10AF10000048704740200024704700BFF0B52DED79
:10AF2000028BB0EE408B85B017460D9D0C9E18EE3F
:10AF3000902A25F02005002AB6BF2D220022B1EE6E
:10AF4000408B462D0C461A7004D0452D00D101349B
:10AF5000022100E0032103AB019302AB00932246E0
:10AF60003346B0EE480B00F06BFE472D01D1FB07D6
:10AF70001AD5462D00EB04020CD10378302B07D1F3
:10AF8000B5EE408BF1EE10FA1CBFC4F10104346041
:10AF900033681A44B5EE408BF1EE10FA08BF039205
:10AFA0003021039B934207D3039B0E9A1B1A136015
:10AFB00005B0BDEC028BF0BD5C1C03941970F0E78A
:10AFC000F7B503460029B8BF494203F8022BB4BFC6
:10AFD0002D222B22092942702ADD0DF10702174686
:10AFE0000A26944691FBF6F506FB151430340CF84E
:10AFF000014C0C46632C02F1FF322946F1DC303162
:10B00000ACF1020402F8011C411C2246BA420AD3E8
:10B010000DF10902A2EB0C02BC4288BF00221344CE
:10B02000181A03B0F0BD12F8015B01F8015FEDE7FB
:10B03000302330318370C170031DF1E70000000040
:10B040002DE9F04F8BB00C46DDF8508016461F46B8
:10B05000054600F0E5FCD0F800B05846F5F790F949
:10B0600000230893D8F8003094F81890226807332A
:10B0700023F0070303F10801C8F8001093ED000B5B
:10B080009FED976BB0EEC07BB4EE467BF1EE10FA0D
:10B0900084ED120B824624DDB5EEC00BF1EE10FA02
:10B0A00002D52D2384F843308F49904BB9F1470FD7
:10B0B00094BF884698460323236122F004020023AC
:10B0C000226004930097334609AA2146284600F0DF
:10B0D000D1F9013040F08A804FF0FF300BB0BDE86D
:10B0E000F08FB4EE400BF1EE10FA09D710EE903A63
:10B0F000002BBCBF2D2384F843307D497D4BD5E721
:10B10000636809F0DF010491591C3CD10623636098
:10B110000023039308ABCDE9019342F4806207ABAF
:10B120006168009322600DF11B032846FFF7F6FECD
:10B13000049B0799472B804608D1C81C02DB636833
:10B14000994241DDA9F102095FFA89F9B9F1650F68
:10B1500020D801394A4604F150000791FFF730FF2B
:10B16000089A04901318012A236102DC2268D2078E
:10B1700001D5013323619DF81B30002BA2D02D2374
:10B1800084F843309EE704994729C1D1002BBFD1F1
:10B190000123BCE7B9F1660F18D1002963680BDD04
:10B1A000216113B92268D00702D501330B44236112
:10B1B0000023A1650493DEE713B92268D20701D505
:10B1C0000233F4E70123F2E74FF06709089B994245
:10B1D00005DB23682161D807EAD54B1CE7E7002986
:10B1E000D4BFC1F1020201221344E0E723685A05EB
:10B1F00007D42369424631462846B84701302AD150
:10B200006AE7B9F1650F40F2E08094ED127BB5EE8C
:10B21000407BF1EE10FA33D1374A012331462846FC
:10B22000B84701303FF458AFDDE907239A4202DB0B
:10B230002368D8070FD553465A4631462846B847A3
:10B2400001303FF449AF4FF0000804F11A09089BA0
:10B25000013B434509DC23689B0700F10681E06858
:10B26000099B9842B8BF184638E701234A46314641
:10B270002846B84701303FF42FAF08F10108E6E750
:10B28000079B002B3ADC1C4A012331462846B8476D
:10B2900001303FF421AFDDE90732134302D12368C7
:10B2A000D907D8D553465A4631462846B8470130C3
:10B2B0003FF412AF4FF0000904F11A0A079B5B42FA
:10B2C0004B4501DC089B95E7012352463146284651
:10B2D000B84701303FF400AF09F10109EEE700BFC4
:10B2E000FFFFFFFFFFFFEF7F08DE00080CDE000816
:10B2F00010DE000814DE000818DE0008089AA36DAE
:10B300009A42A8BF1A46002A914638DC00230593CA
:10B3100029EAE97904F11A02A36D05990493A3EBD4
:10B3200009038B4233DCDDE907239A423CDB2368C7
:10B33000DA0739D4DDE90732A2EB0309049BD21AFC
:10B340009145A8BF9146B9F1000F35DC4FF00008D8
:10B3500029EAE97904F11A0ADDE907239B1AA3EB2C
:10B36000090343457FF777AF01235246314628460C
:10B37000B84701303FF4B0AE08F10108ECE71346DE
:10B38000314642462846B8470130BFD1A4E60123E2
:10B39000314628460492B84701303FF49DAE059BE4
:10B3A000049A01330593B7E753465A463146284677
:10B3B000B8470130BED18FE6049A4B46424431462D
:10B3C0002846B8470130C1D186E6089A012A01DC37
:10B3D000DB0737D50123424631462846B8470130BE
:10B3E0003FF47AAE53465A4631462846B8470130B4
:10B3F0003FF472AE94ED127BB5EE407BF1EE10FAA5
:10B40000089B1AD0013B08F1010231462846B84793
:10B4100001300ED160E601234A4631462846B8473E
:10B4200001303FF459AE08F10108089B013B434548
:10B43000F1DC049B04F15002DDE64FF0000804F15A
:10B440001A09F2E701234246DFE701234A46314663
:10B450002846B84701303FF43FAE08F10108E368E1
:10B4600009995B1A4345F0DCF9E64FF0000804F156
:10B470001909F4E72DE9F047164699468A680B69E1
:10B48000DDF820809342B8BF1346336091F8432023
:10B4900007460C460AB1013333602368990642BF60
:10B4A000336802333360256815F0060506D104F1D0
:10B4B000190AE36832689B1AAB4226DC94F84320F1
:10B4C000131E226818BF012392062BD404F14302F5
:10B4D00049463846C04701301ED02368226903F030
:10B4E0000603042B02BFE5683368ED1AA3680CBF9E
:10B4F00025EAE57500259342C4BF9B1AED18002686
:10B500001A34B5421AD1002008E0012352464946B8
:10B510003846C047013003D14FF0FF30BDE8F08717
:10B520000135C6E7E1185A1C302081F84300224457
:10B5300094F8451082F843100233C7E701232246EE
:10B5400049463846C0470130E6D00136D9E7000009
:10B550002DE9FF470F7E0C9D782F914680460C46C3
:10B560009A4601F1430207D8622F0AD8002F00F053
:10B57000D480582F00F0C08004F1420584F8427056
:10B580003AE0A7F16303152BF6D801A151F823F097
:10B59000E9B50008FDB5000879B5000879B50008DF
:10B5A00079B5000879B50008FDB5000879B500083F
:10B5B00079B5000879B5000879B5000801B7000829
:10B5C00029B60008BBB6000879B5000879B50008AF
:10B5D00023B7000879B5000829B6000879B5000836
:10B5E00079B50008C3B600082B681A1D1B682A60CD
:10B5F00004F1420584F8423001239FE020682B6863
:10B60000070603F10401296001D51E6803E0460620
:10B61000FBD5B3F90060002E03DA2D23764284F8BF
:10B6200043305A480A2312E02B682068191D29600C
:10B63000050601D51E6802E04106FBD51E88534869
:10B640006F2F0CBF08230A23002184F8431065687C
:10B65000A560002DA2BF216821F0040121600EB970
:10B66000002D4BD01546B6FBF3F103FB1167C75D08
:10B6700005F8017D3746BB420E46F4D9082B0BD1A5
:10B680002368DE0708D5236961689942DEBF30234D
:10B6900005F8013C05F1FF35521B2261CDF800A0F1
:10B6A0004B4603AA21464046FFF7E4FE01304AD14B
:10B6B0004FF0FF3004B0BDE8F087236843F020036B
:10B6C00023603348782784F84570236829681F066B
:10B6D00051F8046B02D45F0648BFB6B2DF0748BF1B
:10B6E00043F02003296048BF23601EB9236823F07C
:10B6F000200323601023A7E72448E4E71546BDE7AD
:10B700002B6826686169181D286035061B6801D5FD
:10B71000196002E07006FBD51980002323611546ED
:10B72000BCE72B681A1D2A601D6862680021284644
:10B73000F4F7D6FD08B1401B606063682361002305
:10B7400084F84330AAE723692A4649464046D04751
:10B750000130ADD023689B0713D4E068039B984267
:10B76000B8BF1846A6E70123324649464046D047AF
:10B7700001309DD00135E36803995B1AAB42F2DCDE
:10B78000EBE7002504F11906F5E700BF1ADE000813
:10B790002BDE0008002310B50446C0E90033C0E9E1
:10B7A0000433836081814366C28183611946082224
:10B7B0005C3000F02DF90D4B63620D4BA3620D4B15
:10B7C000E3620D4B23630D4B24629C4206D003F1D0
:10B7D0006802944202D0D0339C4205D104F1580053
:10B7E000BDE8104000F090B910BD00BF19B90008C5
:10B7F0003BB9000873B9000897B90008602200241B
:10B80000024A0349034800F069B800BF90010024D0
:10B81000CDD300089C01002441680C4B994210B51F
:10B82000044601D001F0D2FDA168094B994202D033
:10B83000204601F0CBFDE168064B994204D020463A
:10B84000BDE8104001F0C2BD10BD00BF6022002461
:10B85000C82200243023002410B50B4B0B4C0C4A9B
:10B860001A60204600220421FFF794FF04F16800CB
:10B8700001220921FFF78EFF04F1D0000222BDE86A
:10B8800010401221FFF786BF982300246022002475
:10B8900001B80008014800F038B900BFA123002416
:10B8A000014800F033B900BFA123002410B50446BD
:10B8B000FFF7F0FF236A1BB1BDE81040FFF7F0BFB0
:10B8C000044B2362044B1B68002BF5D1FFF7C4FF28
:10B8D000F2E700BF19B80008982300242DE9F843C7
:10B8E0000746884614460026D4E90195B9F10109B6
:10B8F00005D52468002CF7D13046BDE8F883AB8924
:10B90000012B07D9B5F90E30013303D0294638464B
:10B91000C04706436835E9E710B50C46B1F90E108B
:10B9200000F0A4F80028ABBF636DA3891B1823F4B3
:10B930008053ACBF6365A38110BD2DE9F0411F4664
:10B940008B89DB0505460C46164605D5B1F90E1068
:10B950000223002200F078F8A389B4F90E1023F432
:10B960008053A38132463B462846BDE8F04100F0B3
:10B970008FB810B50C46B1F90E1000F065F8431CF5
:10B98000A38915BF606523F4805343F48053A381DA
:10B9900018BFA38110BDB1F90E1000F045B830B545
:10B9A0001446002C9BB005461A4605DA8B2303602B
:10B9B0004FF0FF301BB030BD4FF40273ADF80C30C8
:10B9C00014BF04F1FF332346029305934FF6FF7330
:10B9D00000910491ADF80E3069461E9B01F072FB98
:10B9E000431CBCBF8B232B60002CE3D0009B0022A8
:10B9F0001A70DFE707B5009313460A46014603486D
:10BA00000068FFF7CCFF03B05DF804FBE8010024F9
:10BA100002440346934200D1704703F8011BF9E743
:10BA200000487047DC02002438B5064D0023044668
:10BA300008462B60F5F786FB431C02D12B6803B147
:10BA4000236038BD9C23002438B5074D04460846C2
:10BA5000114600222A601A46F5F780FB431C02D1EA
:10BA60002B6803B1236038BD9C23002438B5074DF3
:10BA700004460846114600222A601A46F5F746FB9E
:10BA8000431C02D12B6803B1236038BD9C230024E2
:10BA900038B5074D04460846114600222A601A466A
:10BAA000F5F742FB431C02D12B6803B1236038BD7C
:10BAB0009C230024014B1868704700BFE801002454
:10BAC00070B50D4D0D4C641BA4100026A64209D183
:10BAD0000B4D0C4C02F010F8641BA4100026A6427B
:10BAE00005D170BD55F8043B98470136EEE755F88F
:10BAF000043B98470136F2E77CE100087CE100084E
:10BB00007CE1000880E100087047704770470A44F4
:10BB1000914200F1FF3300D1704710B511F8014B8D
:10BB200003F8014F9142F9D110BD2DE9F74F036998
:10BB30000C69A34207467EDB013C01F1140800F1C9
:10BB4000140505EB8403019358F8243055F824209C
:10BB500001339A424FEA840B08EB8409B2FBF3F6F7
:10BB600031D34FF0000E4046AC46F24650F8042B5D
:10BB700093B206FB03E34FEA124E1A0C9BB2AAEBF8
:10BB80000303DCF800A013FA8AF306FB0E220093ED
:10BB9000009B4FEA124E92B2C2EB1A4202EB2342D2
:10BBA000BDF80030814543EA02434CF8043B4FEABC
:10BBB000224ADBD255F80B302BB9019B043B9D4246
:10BBC0001A462CD33C61384601F022F9002822DBCA
:10BBD00001362946002058F8042BD1F800C093B252
:10BBE000C31A120C13FA8CF3C2EB1C4202EB234271
:10BBF0009BB243EA0243C14541F8043B4FEA22406D
:10BC0000E9D255F8242005EB840322B9043B9D4278
:10BC10001A460AD33C61304603B0BDE8F08F126883
:10BC2000043B002ACED1013CC9E71268043B002A3C
:10BC3000F0D1013CEBE70020EEE70000000000003F
:10BC40002DE9F04F2DED028BC56991B08DED020B02
:10BC500059EC108B1C9C0691064608920C9375B902
:10BC6000102000F0A5FD0246F06120B9A64BEF219F
:10BC7000A64801F0FDFBC0E901550560C560F36908
:10BC8000196851B15A684A60012393408B6030466D
:10BC900000F082FEF36900221A60B9F10003BBBF15
:10BCA00023F00043039300230122ACBF23602260F2
:10BCB000974B039CA3431CD10C9A42F20F73136061
:10BCC000C4F3130353EA080300F0FB841D9B63B91C
:10BCD000904B20E0904B019308331D9A136001981C
:10BCE00011B0BDEC028BBDE8F08F8A4B019303339A
:10BCF000F3E79DED028BB5EE408BF1EE10FA0CD11F
:10BD00000C9A012313601D9B002B00F0D784834BFA
:10BD10001D9A1360013B0193E1E70EAA0FA930467B
:10BD2000B0EE480B01F01AF9C4F30A530E9A054617
:10BD3000002B46D0B0EE487B18EE901AC1F31301E9
:10BD400041F07F5141F44011A3F2FF33002007EE90
:10BD5000901AB7EE086B9FED665B37EE467B9FED62
:10BD6000666BA7EE056B9FED665B07EE903AB8EE4B
:10BD7000E74BB0EE467BA4EE057BFDEEC76BB5EE60
:10BD8000C07BF1EE10FA16EE90BA099008D5B8EE25
:10BD9000E66BB4EE476BF1EE10FA18BF0BF1FF3B08
:10BDA000BBF1160F2BD85E4901EBCB0191ED007B67
:10BDB000B4EEC78BF1EE10FA01D50BF1FF3B002179
:10BDC0001EE00F9B134403F232412029C1BFC1F191
:10BDD00040018C4003F2124128FA01F1D6BFC1F1B3
:10BDE0002001214308FA01F107EE901AB8EE677BB3
:10BDF000013B17EE901A0120A1F1F871A7E701218C
:10BE0000D21A531E059345BFC2F1010304930023C8
:10BE100000234CBF05930493BBF1000F0B9118DB7B
:10BE2000059BCDF828B05B4405930023069A092AA8
:10BE300048D8052AC4BF043A0692069AA2F1020223
:10BE4000CCBF00240124032A47D8DFE802F00B2DE1
:10BE50002B39049B0022A3EB0B0304930A92CBF132
:10BE60000003E3E700220792089A002A38DC4FF02B
:10BE7000010AD1465246CDF820A0F76900210420DE
:10BE800000F1140C944530D9796030460D9300F0E0
:10BE900043FD0D9B01900246002845D1214B40F205
:10BEA000AF11E5E60122DEE700220792089A0BEBCC
:10BEB000020A0AF101094A46012AB8BF0122DCE759
:10BEC0000122F2E701240022CDE906244FF0FF3AD7
:10BED0000021D14612220891CFE701220792F5E70F
:10BEE000DDF820A0D1465246C7E701314000C7E740
:10BEF00061436F63A787D23FB3C8608B288AC63F70
:10BF0000FB799F501344D33F49DE000860DE0008F0
:10BF10000000F07F45DE00083CDE000819DE000866
:10BF200050DF0008B8DE0008F26901991160B9F12C
:10BF30000E0F6CD8002C6AD0BBF1000F40F3A0802C
:10BF4000C14A0BF00F0102EBC1021BF4807F92ED9E
:10BF5000007B4FEA2B1200F08780BC4991ED086B03
:10BF600088EE066B8DED026B02F00F020321B748DD
:10BF7000002A7BD19DED026B86EE077B8DED027B67
:10BF80000B9A9DED027B002A00F0A080B7EE006BBB
:10BF9000B4EEC67BF1EE10FA40F19880B9F1000FD3
:10BFA00000F09480BAF1000F2FDDB2EE046B27EEA3
:10BFB000067B8DED027B0BF1FF32013154469DED86
:10BFC000026BB1EE0C5B07EE901AB8EEE77BA7EEC2
:10BFD000065B15EE907A51EC150BA7F15071002C11
:10BFE00077D1B1EE047B36EE476B41EC170BB4EE24
:10BFF000C76BF1EE10FA00F36A82B1EE477BB4EE44
:10C00000C76BF1EE10FA00F160828DED028B0F9A92
:10C01000002AC0F21D81BBF10E0F00F319818A4B7B
:10C0200003EBCB0393ED006B089B002B80F2B780F2
:10C03000B9F1000F00F3B38040F04682B1EE047B0B
:10C0400026EE076B9DED027BB4EEC76BF1EE10FAA6
:10C050004C464F4680F21C82DDF80480312308F8FC
:10C06000013B0BF1010B18E2022180E7D40704D554
:10C0700090ED006B013127EE067B5210083077E718
:10C0800022D0CBF10002704902F00F0001EBC00199
:10C0900091ED007B28EE077B8DED027B6B48121142
:10C0A000002402212AB9002C3FF46AAF8DED027BF7
:10C0B00066E7D70705D590ED006B0131012427EE27
:10C0C000067B52100830EDE7022159E75A464C46EC
:10C0D00075E741EC170B5C4901EBC40111ED024B14
:10C0E00001990C44079951B3B6EE003BB7EE002B13
:10C0F000DDF8048083EE045BB2EE043B35EE477B53
:10C10000FDEEC64B14EE901AB8EEE45B303136EE1D
:10C11000456BB4EEC76BF1EE10FA08F8011B39D489
:10C1200032EE465BB4EEC75BF1EE10FA72D4A04576
:10C130003FF46BAF27EE037B26EE036BE0E7DDF801
:10C14000048027EE047B2046B2EE043BFDEEC64B96
:10C1500014EE901A303108F8011BA045B8EEE45BEC
:10C1600036EE456B18D1B6EE005B37EE054BB4EEFC
:10C17000C46BF1EE10FA4DDC35EE475BB4EEC56BE7
:10C18000F1EE10FA7FF541AF8046013818F8013C16
:10C19000302BF9D093462AE026EE036BD6E79DEDCF
:10C1A000027BB2EE044BDDF8048087EE065BBDEE49
:10C1B000C55B15EE103A303308F8013B019BA8EB44
:10C1C00003039945B8EEC53BA3EE467B33D137EE6A
:10C1D000077BB4EEC67BF1EE10FA1ADCB4EE467BB8
:10C1E000F1EE10FA03D115EE103AD90711D4294611
:10C1F000304600F0D1FB00230C9A88F800300BF198
:10C20000010313601D9B002B3FF469ADC3F8008050
:10C2100065E55A464346984613F8011D392906D16B
:10C2200001999942F7D101983021013201701978B2
:10C2300001311970AEE727EE047BB5EE407BF1EEDD
:10C2400010FAB2D1D3E700BF50DF000828DF0008A2
:10C250000799002900F0D0800699012900F3B480E5
:10C260000999002900F0AC8002F23342DDF8108019
:10C270001C460993049B13440493059B012113441A
:10C280003046059300F03EFC099B0746B8F1000FCD
:10C290000DD0059A002A0ADD42450499A8BF4246FE
:10C2A000891A04910599A8EB02088A1A059203B32A
:10C2B000079A002A00F0A580002C13DD394622469B
:10C2C00030460D9300F0DEFC2A4601460746304614
:10C2D00000F02EFC29460990304600F05DFB099ADB
:10C2E0000D9B15461A1B04D02946304600F0CAFCA7
:10C2F00005460121304600F005FC0A9B002B044650
:10C3000040F381801A460146304600F0BBFC069B94
:10C31000012B04467ADD00230993226904EB820293
:10C32000106900F0A1FBC0F12000059B184410F03B
:10C330001F0000F09380C0F12002042A40F38580A2
:10C34000049BC0F11C0003440493059B80440344F8
:10C350000593049B002B05DD29461A46304600F064
:10C36000EBFC0546059B002B05DD21461A463046B1
:10C3700000F0E2FC04460B9B002B71D021462846BE
:10C3800000F046FD00286BDA002329460A223046D9
:10C3900000F024FB079B0BF1FF3B0546002B00F050
:10C3A0009781394600230A22304600F017FBBAF184
:10C3B000000F074600F39380069B022B57DC8EE0AC
:10C3C0000E9AC2F1360251E709F1FF34A342BFBF12
:10C3D000E21A0A9B9B180A93AEBF1C1B234600243B
:10C3E000B9F1000FB5BF049ADDF81080A2EB09087F
:10C3F0004A46B8BF00223CE7DDF81080079F1C4684
:10C4000044E71A4670E7069B012B18DC029BB3B980
:10C41000039BC3F31302A2B923F00042120D1205CD
:10C420008AB1049B01330493059B013305930123D7
:10C4300009930A9B002B7FF470AF012075E700235E
:10C44000F6E7029BF4E70992F3E782D0049B1C32E3
:10C4500013440493059B9044134479E70246F5E79F
:10C46000B9F1000F36DC069B022B33DDCA46BAF168
:10C47000000F0DD1214653460522304600F0AEFA9A
:10C4800001460446284600F0C3FC00283FF7E4AD0F
:10C49000089BDDF804806FEA030B4FF0000921468A
:10C4A000304600F079FA002F3FF4A1AEB9F1000F49
:10C4B00005D0B94503D04946304600F06DFA3946FB
:10C4C000304600F069FA92E600242746E0E79346FA
:10C4D0002746C1E5079BCA46002B00F00081B8F152
:10C4E000000F05DD39464246304600F025FC074680
:10C4F000099B002B5DD07968304600F00DFA80462C
:10C5000028B9824B024640F2EF21FFF7B1BB3A69EE
:10C510000232920007F10C010C30FFF7F8FA012209
:10C520004146304600F008FC019B01330493019B17
:10C5300053440893029B03F00103B946079307464F
:10C54000049B2146013B28460293FFF7EEFA03467F
:10C550003033059049462846099300F059FC3A4685
:10C5600082462146304600F06FFCC268099B804637
:10C570000ABB0146284600F04BFC099B0246414697
:10C580003046CDE9093200F007FA069B0A9ADDF839
:10C59000108043EA0201079B1943099B0DD1392BF7
:10C5A00029D0BAF1000F01DD059B3133029A1370D7
:10C5B00075E73846B8E70122E1E7BAF1000F06DB7C
:10C5C000069941EA0A0A07995AEA010A20D1002A83
:10C5D000ECDD294601223046049300F0ADFB2146F4
:10C5E000054600F015FC0028049B02DCDED1DA07CA
:10C5F000DCD5392BD8D1029A39231370434698469B
:10C60000013B18F8012C392A51D001321A7046E743
:10C61000002A03DD392BEED00133C7E7049A0899CD
:10C6200002F8013C8A422BD0294600230A223046D8
:10C6300000F0D4F9B94505464FF000034FF00A0267
:10C640004946304607D100F0C9F981460746049BA8
:10C650000133049374E700F0C1F9394681460023A1
:10C660000A22304600F0BAF90746F0E7BAF1000FA7
:10C67000019ACCBFD0464FF0010890444FF000091A
:10C68000294601223046029300F056FB214605461A
:10C6900000F0BEFB0028B1DC02D1029BDB07ADD469
:10C6A0004346984613F8012D302AFAD0F7E6019A4E
:10C6B0009A42A4D10BF1010B312378E7144BFFF719
:10C6C0002ABB1D9B002B7FF405AB124BFFF723BB4E
:10C6D000BAF1000F03DC069B022B3FF7C8AEDDF872
:10C6E000048021462846FFF720FA00F1300308F8BD
:10C6F000013B019AA8EB02029245B7DD29460023CF
:10C700000A22304600F06AF90546EAE7B8DE00087A
:10C7100018DE00083CDE000837B5002944D051F887
:10C72000043C0190002BA1F10404B8BFE41800F010
:10C73000E7F81E4A0198136833B96360146003B0C8
:10C74000BDE8304000F0E2B8A34208D9256861197D
:10C750008B4201BF19685B6849192160EDE71A46F1
:10C760005B680BB1A342FAD911685518A5420BD1E9
:10C77000246821445418A3421160E0D11C685B680E
:10C7800053600C441460DAE702D90C230360D6E747
:10C79000256861198B4204BF19685B68636004BF38
:10C7A000491921605460CAE703B030BDA4230024B6
:10C7B000024B0146186800F023B800BFE8010024CE
:10C7C00070B50E4E0C463168054611B900F040FEBA
:10C7D00030602146284600F03BFE431C0AD0C41CB2
:10C7E00024F00304A04207D0211A284600F030FEAE
:10C7F000013001D14FF0FF34204670BDA823002442
:10C800002DE9F843CD1C25F0030508350C2D38BF64
:10C810000C25002D074601DBA94205D90C233B60FE
:10C8200000263046BDE8F883DFF8D08000F068F8D5
:10C83000D8F800301C465CBB29463846FFF7C0FFDD
:10C84000431C044655D1D8F800402646002E45D159
:10C85000002C48D023683146384604EB030900F029
:10C86000F7FD81453FD121686D1A29463846FFF70B
:10C87000A7FF013037D023682B442360D8F800305D
:10C88000002B38D05A68A2422BD100225A600FE008
:10C890002268521B1FD40B2A17D96119A3422560A5
:10C8A00018BF5960636808BFC8F8001062514B6038
:10C8B000384604F10B0600F029F826F00706231D80
:10C8C000F21AAED09B1BA350ABE7A3426268DDD146
:10C8D000C8F80020ECE723466468ACE73446766885
:10C8E000B4E71346CCE70C233B60384600F00EF863
:10C8F00097E72560DCE75B60FFDE00BFA423002430
:10C900000148FFF702B900BFA02300240148FFF748
:10C91000FDB800BFA023002470B5C66904460D46CB
:10C9200076B91020FFF744FF0246E06120B9184BAA
:10C9300018486B2100F09CFDC0E901660660C660E6
:10C94000E669F36883B1E369DB6853F82500B8B999
:10C95000012101FA05F6721D9200204600F0A6FDA5
:10C9600060B1C0E901560EE021220421204600F00A
:10C970009DFDE369F060DB68002BE4D1002070BD11
:10C98000026843F825200023C0E90333F7E700BF1E
:10C9900049DE0008C9DE000870B5C66905460C46C8
:10C9A00076B91020FFF704FF0246E86120B9094B71
:10C9B00009488F2100F05CFDC0E901660660C66091
:10C9C0003CB1EB696268DB6853F82210216043F8E0
:10C9D000224070BD49DE0008C9DE00082DE9F041A3
:10C9E0000D6907460C461E4601F1140C0020DCF8C8
:10C9F000003099B202FB01611E0C0B0C02FB0633E6
:10CA000089B2013001EB034185424CF8041B4FEA27
:10CA10001346ECDC0EB3A368AB4219DC6168384600
:10CA20000131FFF779FF804628B902460C4B0D48CB
:10CA3000BA2100F01DFD2269023204F10C019200BE
:10CA40000C30FFF764F821463846FFF7A5FF44464F
:10CA500004EB850301355E6125612046BDE8F08168
:10CA6000B8DE0008C9DE0008030C1B04D3B90004BB
:10CA7000102310F07F4F04BF0002083310F0704FF6
:10CA800004BF0001043310F0404F04BF80000233A4
:10CA9000002805DB10F0804F03F1010308BF2023BD
:10CAA000184670470023E4E7036813F007020CD030
:10CAB000D90722D49A0749BF5B089B08036001226B
:10CAC0005CBF036002221046704799B209B91B0C83
:10CAD0001022D9B209B908321B0A190704BF1B0971
:10CAE0000432990704BF9B080232D90703D45B08BC
:10CAF00002F1010203D00360E5E70022E3E7202210
:10CB0000E1E7000010B50C460121FFF705FF0246E2
:10CB100028B9054B054840F2451100F0A9FC012356
:10CB20004461036110BD00BFB8DE0008C9DE000823
:10CB30002DE9F04F91460A69D9F810309A42B8BFF2
:10CB40000B460C46BCBF4C4699462769D9F810A045
:10CB5000A368616807EB0A06B34285B0B8BF01312C
:10CB6000FFF7DAFE30B90246444B45484FF4B17145
:10CB700000F07EFC00F1140505EB86082B46002230
:10CB8000434521D304F1140303EB870709F1140390
:10CB900003EB8A0202923A1B153A22F00302043296
:10CBA00004F115018F4238BF04220192029A0393C7
:10CBB0009A420CD8002E03DD58F8043D002B5BD0C0
:10CBC000066105B0BDE8F08F43F8042BD8E7B3F851
:10CBD00000A0BAF1000F24D004F1140EA9464FF0C2
:10CBE000000C5EF8042BD9F800101FFA82FB89B202
:10CBF0000AFB0B114FEA124BD9F8002061444FEAAF
:10CC0000124C0AFB0BC202EB114289B241EA02410B
:10CC1000774549F8041B4FEA124CE2D8019A45F8CF
:10CC200002C0039AB2F802900433B9F1000F21D088
:10CC3000296804F1140CAE464FF0000ABCF800B0AD
:10CC4000BEF8022009FB0B22524489B241EA02419C
:10CC50004EF8041B5CF8041B4FEA114ABEF80010A2
:10CC600009FB0A1101EB124167454FEA114AE5D869
:10CC7000019AA950043599E7013E9BE7B8DE000808
:10CC8000C9DE00082DE9F843154612F003020646F6
:10CC90000F4607D0254C013A002354F82220FFF715
:10CCA0009DFE0746AD103DD0F4697CB91020FFF71A
:10CCB0007FFD0246F06128B91D4B1E4840F2B311BA
:10CCC00000F0D6FBC0E901440460C460D6F81C80C3
:10CCD000D8F808404CB940F271213046FFF712FFF6
:10CCE0000023C8F80800044603604FF00009EB0772
:10CCF0000AD5394622463046FFF71AFF39468046A4
:10CD00003046FFF749FE47466D100BD0206838B912
:10CD1000224621463046FFF70BFF2060C0F8009006
:10CD20000446E4E73846BDE8F88300BF18E0000891
:10CD300049DE0008C9DE00082DE9F0470C464968C5
:10CD4000236903EB6218A368074691464FEA621A0B
:10CD500008F10106B3420BDB3846FFF7DDFD05465F
:10CD600048B90246284B29484FF4EF7100F080FB88
:10CD700001315B00EEE7002300F1140100F1100225
:10CD80001846534533DB20692AEAEA7A04F1140392
:10CD900019F01F0901EB8A0103EB800C2BD0C9F1BC
:10CDA000200E8A460022186800FA09F010434AF85B
:10CDB000040B53F8042B9C4522FA0EF2F3D8ACEB8B
:10CDC0000403153B23F00303043304F115008445E9
:10CDD00038BF0423CA500AB108F10206013E3846A2
:10CDE0002E612146FFF7D8FD2846BDE8F08742F8BE
:10CDF000040F0133C5E7043953F8042B41F8042F1D
:10CE00009C45F9D8EAE700BFB8DE0008C9DE000893
:10CE100030B502690C69121B0ED100F114031431F4
:10CE200003EB840001EB840150F8045D51F8044DDC
:10CE3000A54203D005D30122104630BD8342F3D36F
:10CE4000FAE74FF0FF32F7E72DE9F84F0C460646B8
:10CE5000114620469046FFF7DBFF051E10D12946FC
:10CE60003046FFF759FD30B93A4B024640F23721C0
:10CE7000394800F0FDFA0123C0E90435BDE8F88F18
:10CE8000A4BF4346A0463046D8F80410A6BF1C46AF
:10CE900000250125FFF740FD20B92E4B024640F248
:10CEA0004521E5E7D8F810702669C56004F114093A
:10CEB00008F1140500F1140E05EB870C09EB86064A
:10CEC00008F11002F246002159F8043B52F804BF61
:10CED00011FA8BF899B21B0CA8EB0108C3EB1B43AA
:10CEE00003EB28431FFA88F819144E4548EA034318
:10CEF0004AF8043BE8D8331B153B23F00303043303
:10CF00001534A64238BF04231D4473449E462E4662
:10CF100066450ED30CF10302521B22F00302033DBF
:10CF2000AC4538BF0022134453F8042D7AB1076191
:10CF3000A4E756F8048B11FA88F2141404EB184491
:10CF400092B242EA04424EF8042B2114E0E7013F7A
:10CF5000EAE700BFB8DE0008C9DE00082DE9F743A4
:10CF60000F46012159EC108B1646FFF7D5FC0446FD
:10CF700030B90246244B254840F20F3100F078FAD0
:10CF8000C9F30A55C9F313032DBB0193B8F100038C
:10CF900026D068460093FFF787FDDDE90012E8B16F
:10CFA000C0F1200302FA03F30B43C2406361019214
:10CFB000019BA361002B14BF022201222261BDB19B
:10CFC000A5F2334505443D60C0F135003060204690
:10CFD00003B0BDE8F08343F48013D6E76161E7E76F
:10CFE00001A8FFF761FD019B636120300122E5E7A5
:10CFF00004EB8203A0F2324038601869FFF734FD79
:10D00000C0EB4210E2E700BFB8DE0008C9DE00084E
:10D010002DE9F0478E681F46BE420B6882460C46DB
:10D0200090462CD88A8912F4906F26D065690969D8
:10D0300005EB4505A3EB010905EBD5757B1C4B44BE
:10D040006D109D4238BF1D46530527D52946FFF771
:10D05000D7FB064660B321694A46FEF758FDA3890F
:10D0600023F4906343F08003A381266165614E44FD
:10D07000A5EB09052660A5603E46BE4200D93E46A6
:10D0800020683246414600F0C9F9A3689B1BA360A3
:10D090002368334423600020BDE8F0872A4600F06F
:10D0A0002DFA06460028E0D121695046FFF734FBEF
:10D0B0000C23CAF80030A38943F04003A3814FF04A
:10D0C000FF30E9E72DE9F04F98468B891B069DB0AC
:10D0D00007460D4614460ED50B6963B94021FFF78C
:10D0E0008FFB2860286120B90C233B604FF0FF3094
:10D0F000D0E040236B610023099320238DF8293071
:10D10000CDF80C803023DFF8A4818DF82A304FF061
:10D11000010923469A4613F8012B0AB1252AF9D1B1
:10D12000BAEB040B0BD05B46224629463846FFF784
:10D130006FFF013000F0A980099A5A4409929AF8C9
:10D140000030002B00F0A18000234FF0FF32CDE92A
:10D1500005230AF1010A049307938DF853301A93BB
:10D160005446052214F8011B5048F3F7B9F8049A05
:10D17000D8B9D00644BF20238DF85330110744BFDF
:10D180002B238DF853309AF800302A2B15D0079AAC
:10D19000544600204FF00A0C214611F8013B303B69
:10D1A000092B4DD9B0B1079214E0A0EB080309FA9E
:10D1B00003F313430493A246D2E7039B191D1B6894
:10D1C0000391002BBBBF5B4242F00202079307931F
:10D1D000B8BF049223782E2B0CD163782A2B34D13C
:10D1E000039B1A1D1B680392002BB8BF4FF0FF333F
:10D1F00002340593DFF8C4A0217803225046F3F7E8
:10D200006FF838B1049BA0EB0A0040228240134320
:10D210000134049314F8011B25488DF828100622C8
:10D22000F3F75EF8002838D0224B1BBB039B073373
:10D2300023F0070308330393099B3344099368E7FA
:10D240000CFB02320C460120A6E7002301340593B3
:10D2500019464FF00A0C204610F8012B303A092AE3
:10D2600003D9002BC6D00591C4E70CFB012104466D
:10D270000123F0E703AB00932A460F4B04A938467D
:10D28000FDF7DEFE421C0646D6D1AB895B063FF5B4
:10D290002DAF09981DB0BDE8F08F03AB00932A466F
:10D2A000054B04A93846FEF753F9EBE724E00008E4
:10D2B0002EE0000841B0000811D000082AE0000864
:10D2C0008A892DE9F041054610070C4658D44B6871
:10D2D000002B05DC0B6C002B02DC0020BDE8F0818C
:10D2E000E66A002EF9D0002312F480522F68216ADA
:10D2F0002B6032D0606DA3895A0705D56368C01AC8
:10D30000636B0BB1236CC01A00230246E66A216AE4
:10D310002846B047431CA38906D129681D292BD86C
:10D32000294A0A41D60727D400226260D90422691B
:10D33000226004D5421C01D12B6803B96065616B82
:10D340002F600029C9D004F14403994202D0284635
:10D35000FFF7E2F900206063C0E701232846B047E9
:10D36000411CC8D12B68002BC5D01D2B01D0162B1A
:10D3700001D12F60B1E7A38943F04003A381ADE75A
:10D380000F69002FA9D093070E6808BF4B690F6083
:10D3900018BF0023A6EB07088B60B8F1000F9CDDD7
:10D3A000216AA66A43463A462846B047002806DC6A
:10D3B000A38943F04003A3814FF0FF308EE7074479
:10D3C000A8EB0008E9E700BFFEFFBFDF38B50B6937
:10D3D00005460C4613B90025284638BD18B1036A26
:10D3E0000BB9FEF763FAB4F90C30002BF3D0626E80
:10D3F000D00704D4990502D4A06DFEF786FB284619
:10D400002146FFF75DFF636EDA070546E4D4A38982
:10D410009B05E1D4A06DFEF779FBDDE7884210B5EE
:10D4200001EB020402D98442234607D8431EA142DD
:10D4300008D011F8012B03F8012FF8E70244014648
:10D440008A4200D110BD13F8014D02F8014DF7E7F3
:10D4500038B5064D0023044608462B60F3F780FEDE
:10D46000431C02D12B6803B1236038BD9C230024E8
:10D470001FB514461A46094B1B680546D8684CB1BF
:10D48000074B0091CDE9013406492B4600F072F8B4
:10D4900000F082F8044B1C46F3E700BFE8010024CB
:10D4A0003FE000084CE000087AE0000837B5A1FB37
:10D4B00002244CB911460192FFF7A2F9019A0546E0
:10D4C00030B9284603B030BD0C2202600025F8E7D1
:10D4D0002146FEF79DFAF4E782B001B901A942B1F5
:10D4E0004BB113780B601278101E18BF012002B0E8
:10D4F00070471046FBE76FF00100F8E72DE9F041B7
:10D50000804614460E4621B9BDE8F0411146FFF7AA
:10D5100077B92AB9FFF700F925462846BDE8F0811A
:10D5200000F041F88442074602D8B4EB500F12D8FD
:10D5300021464046FFF764F905460028EDD0BC427D
:10D540002246314628BF3A46FEF7E1FA31464046C8
:10D55000FFF7E2F8E1E73546DFE749B1FF2A85BF8B
:10D560008A2303600A704FF0FF3098BF0120704794
:10D57000084670470EB403B5014603AB054853F89F
:10D58000042B0068019300F03FF802B05DF804EB53
:10D5900003B07047E801002408B5062000F00CFA3B
:10D5A0000120F3F7ADFD51F8043C181F002BBCBF60
:10D5B0000B58C01870479368013B002B10B4936060
:10D5C00008DA9469A34201DB0A2903D15DF8044B10
:10D5D00000F034B91368581C1060197008465DF8E3
:10D5E000044B7047F8B506460F461446D518AC42B2
:10D5F00001D1002007E014F8011B3A463046FFF73E
:10D60000DAFF431CF3D1F8BD2DE9F04F0D469DB074
:10D6100014469846064618B1036A0BB9FEF746F958
:10D620006B6ED90705D4AB899A0502D4A86DFEF7B5
:10D630006CFAAB891B0701D52B699BB9294630468B
:10D6400000F03AF970B16B6EDC0704D54FF0FF3093
:10D650001DB0BDE8F08FAB899805F7D4A86DFEF733
:10D6600055FAF3E70023099320238DF82930CDF8EC
:10D670000C803023DFF8B0818DF82A304FF001099B
:10D6800023469A4613F8012B0AB1252AF9D1BAEBA1
:10D69000040B0BD05B46224629463046FFF7A2FF1B
:10D6A000013000F0A980099A5A4409929AF8003092
:10D6B000002B00F0A18000234FF0FF32CDE90523BD
:10D6C0000AF1010A049307938DF853301A935446D4
:10D6D000052214F8011B5448F2F702FE049AD8B947
:10D6E000D10644BF20238DF85330130744BF2B23AA
:10D6F0008DF853309AF800302A2B15D0079A5446EB
:10D7000000204FF00A0C214611F8013B303B092B59
:10D710004DD9B0B1079214E0A0EB080309FA03F366
:10D7200013430493A246D2E7039B191D1B68039180
:10D73000002BBBBF5B4242F0020207930793B8BFC6
:10D74000049223782E2B0CD163782A2B34D1039B9F
:10D750001A1D1B680392002BB8BF4FF0FF33023431
:10D760000593DFF8D4A0217803225046F2F7B8FDE4
:10D7700038B1049BA0EB0A004022824013430134DD
:10D78000049314F8011B29488DF828100622F2F79B
:10D79000A7FD00283FD0264B1BBB039B073323F07C
:10D7A000070308330393099B3B44099368E70CFB89
:10D7B00002320C460120A6E70023013405931946E6
:10D7C0004FF00A0C204610F8012B303A092A03D9F1
:10D7D000002BC6D00591C4E70CFB012104460123B0
:10D7E000F0E703AB00932A46124B04A93046FDF73D
:10D7F00027FC0746781CD6D16B6ED90705D4AB89B8
:10D800009A0502D4A86DFEF781F9AB895B063FF556
:10D810001DAF09981CE703AB00932A46054B04A9EA
:10D820003046FDF795FEE4E724E000082EE000080E
:10D8300041B00008E5D500082AE00008F8B50E461A
:10D840001446054618B1036A0BB9FEF72FF8A36911
:10D85000A360A3891A0725D523691BB3236822690E
:10D86000981A6369F6B28342374604DC214628469B
:10D87000FFF7ACFDE0B9A368013BA36023685A1C25
:10D8800022601E706269431C9A4204D0A389DB07A0
:10D8900006D50A2E04D121462846FFF797FD38B950
:10D8A0003846F8BD2146284600F006F80028D5D0B5
:10D8B0004FF0FF37F4E7000038B52A4B05461868EB
:10D8C0000C4618B1036A0BB9FDF7F0FFA389B4F950
:10D8D0000C20180722D4D90607D409232B6042F064
:10D8E0004003A3814FF0FF3034E0580712D5616B3D
:10D8F00041B104F14403994202D02846FEF70CFFDF
:10D9000000236363A38923F02403A38100236360BE
:10D9100023692360A38943F00803A38123694BB9DA
:10D92000A38903F42073B3F5007F03D02146284672
:10D9300000F084F8A089B4F90C2010F001030AD09B
:10D940000023A36063695B42A361236943B910F0BC
:10D950008000C4D138BD810758BF6369A360F4E774
:10D960000020F7E7E80100241F2938B504460D46DA
:10D9700004D9162303604FF0FF3038BDC26B12B1DB
:10D9800052F821304BB9204600F030F82A460146C3
:10D990002046BDE8384000F017B8012B0AD0591CCA
:10D9A00003D1162303600120E7E7002442F8254055
:10D9B000284698470020E0E7024B01461868FFF729
:10D9C000D3BF00BFE801002438B5074D002304464B
:10D9D000084611462B60F3F789FB431C02D12B68E4
:10D9E00003B1236038BD00BF9C230024F3F77CBB48
:10D9F00070B50C46B1F90E10002996B015461E46BA
:10DA00000DDAA38913F0800F4FF000010CBF4FF423
:10DA100080634023002031602B6016B070BD6A46E1
:10DA200000F048F80028ECDB019901F47041A1F501
:10DA30000053594259414FF48063EBE78B8973B52A
:10DA40009D0706460C4607D504F147032360236172
:10DA50000123636102B070BD01AB6A46FFF7C8FFE6
:10DA6000009905463046FEF7CBFE48B9B4F90C30B4
:10DA70009A05EFD423F0030343F00203A381E3E705
:10DA8000A389206043F08003A381009B6361019B15
:10DA900020615BB1B4F90E10304600F01DF828B1DA
:10DAA000A38923F0030343F00103A381A3891D434A
:10DAB000A581CFE738B5074D002304460846114637
:10DAC0002B60F3F743FB431C02D12B6803B12360A7
:10DAD00038BD00BF9C23002438B5064D0023044602
:10DAE00008462B60F3F738FB431C02D12B6803B1C7
:10DAF000236038BD9C230024F8B500BFF8BC08BCE7
:10DB00009E467047F8B500BFF8BC08BC9E467047FB
:10DB10002564000000000000010203040102030468
:10DB2000060708090006101600061016000201027A
:10DB30000404030407050404000102770001020342
:10DB400011040521310612415107617113223281FE
:10DB500008144291A1B1C109233352F0156272D168
:10DB60000A162434E125F11718191A262728292A1C
:10DB700035363738393A434445464748494A53547D
:10DB800055565758595A636465666768696A73746D
:10DB900075767778797A82838485868788898A9270
:10DBA000939495969798999AA2A3A4A5A6A7A8A995
:10DBB000AAB2B3B4B5B6B7B8B9BAC2C3C4C5C6C7BA
:10DBC000C8C9CAD2D3D4D5D6D7D8D9DAE2E3E4E5E6
:10DBD000E6E7E8E9EAF2F3F4F5F6F7F8F9FA000017
:10DBE0000002010303020403050504040000017D93
:10DBF000010203000411051221314106135161078E
:10DC0000227114328191A1082342B1C11552D1F081
:10DC10002433627282090A161718191A2526272832
:10DC2000292A3435363738393A4344454647484936
:10DC30004A535455565758595A636465666768691C
:10DC40006A737475767778797A838485868788890C
:10DC50008A92939495969798999AA2A3A4A5A6A719
:10DC6000A8A9AAB2B3B4B5B6B7B8B9BAC2C3C4C545
:10DC7000C6C7C8C9CAD2D3D4D5D6D7D8D9DAE1E273
:10DC8000E3E4E5E6E7E8E9EAF1F2F3F4F5F6F7F8BC
:10DC9000F9FA00001112182F6363636312151A4218
:10DCA00063636363181A3863636363632F42636358
:10DCB0006363636363636363636363636363636334
:10DCC0006363636363636363636363636363636324
:10DCD00063636363000301010101010101010100AC
:10DCE00000000000000102030405060708090A0BF2
:10DCF0000001050101010101010000000000000018
:10DD0000000102030405060708090A0B100B0A109C
:10DD10001828333D0C0C0E131A3A3C370E0D101810
:10DD2000283945380E11161D3357503E1216253826
:10DD3000446D674D182337405168715C31404E5730
:10DD400067797865485C5F627064676300010810FA
:10DD50000902030A11182019120B04050C131A21C9
:10DD6000283029221B140D06070E151C232A3138D2
:10DD700039322B241D160F171E252C333A3B342D18
:10DD8000261F272E353C3D362F373E3F030000002F
:10DD9000020000000200000002000000010000007C
:10DDA0000100000002000000519B0008819B000858
:10DDB000A19B0008319C0008C99B000853544D6981
:10DDC00063726F656C656374726F6E696373000074
:10DDD00053544D3332205669727475616C20436F11
:10DDE0006D506F727400000043444320436F6E66B1
:10DDF0006967000043444320496E7465726661633D
:10DE00006500000000030103494E4600696E66008C
:10DE10004E414E006E616E00300030313233343589
:10DE20003637383941424344454600303132333485
:10DE3000353637383961626364656600496E6669F4
:10DE40006E697479004E614E005245454E54206D06
:10DE5000616C6C6F632073756363656564656400F2
:10DE60002F6275696C642F676E752D746F6F6C739C
:10DE70002D666F722D73746D33325F31312E332EF8
:10DE800072656C312E32303233303931322D3136C9
:10DE900030302F7372632F6E65776C69622F6E65F9
:10DEA000776C69622F6C6962632F7374646C69624A
:10DEB0002F64746F612E630042616C6C6F6320731A
:10DEC0007563636565646564002F6275696C642FB2
:10DED000676E752D746F6F6C732D666F722D737412
:10DEE0006D33325F31312E332E72656C312E32300C
:10DEF0003233303931322D313630302F7372632F57
:10DF00006E65776C69622F6E65776C69622F6C69DC
:10DF100062632F7374646C69622F6D707265632E17
:10DF200063000000000000000080E03779C3414337
:10DF3000176E05B5B5B89346F5F93FE9034F384D6F
:10DF4000321D30F94877825A3CBF737FDD4F15751B
:10DF5000000000000000F03F00000000000024402E
:10DF600000000000000059400000000000408F4009
:10DF7000000000000088C34000000000006AF84074
:10DF80000000000080842E4100000000D012634198
:10DF90000000000084D797410000000065CDCD410E
:10DFA000000000205FA00242000000E876483742EF
:10DFB000000000A2941A6D42000040E59C30A2428D
:10DFC0000000901EC4BCD64200003426F56B0C4302
:10DFD0000080E03779C3414300A0D88557347643A9
:10DFE00000C84E676DC1AB43003D9160E458E1430A
:10DFF000408CB5781DAF154450EFE2D6E41A4B447F
:10E0000092D54D06CFF08044F64AE1C7022DB544C3
:10E01000B49DD9794378EA44050000001900000056
:10E020007D000000232D302B2000686C4C006566BD
:10E0300067454647004300504F534958002E002C77
:10E040002066756E6374696F6E3A20006173736544
:10E050007274696F6E2022257322206661696C6577
:10E06000643A2066696C6520222573222C206C6935
:10E070006E65202564257325730A0000202020206A
:10E080002020202020282828282820202020202068
:10E090002020202020202020202020208810101048
:10E0A00010101010101010101010101004040404A0
:10E0B0000404040404041010101010101041414115
:10E0C0004141410101010101010101010101010180
:10E0D0000101010101010110101010101042424213
:10E0E0004242420202020202020202020202020250
:10E0F00002020202020202101010102000000000B2
:10E10000000000000000000000000000000000000F
:10E1100000000000000000000000000000000000FF
:10E1200000000000000000000000000000000000EF
:10E1300000000000000000000000000000000000DF
:10E1400000000000000000000000000000000000CF
:10E1500000000000000000000000000000000000BF
:10E1600000000000000000000000000000000000AF
:0CE17000000000000000000000000000A3
:04E17C00C5020008D0
:04E18000A1020008F0
:10E18400FF000000000000C00090D0030090D00306
:10E19400010000001000000001000000A99E00081A
:10E1A400659E0008619D000800000000599C00085D
:10E1B400F99C0008CD9C000800000000000000004D
:10E1C400000000009D9C00088D9C0008AD9C000888
:10E1D400BD9C000809024300020100C0320904008A
:10E1E40000010202010005240010010524010001C0
:10E1F4000424020205240600010705820308001016
:10E2040009040100020A00000007050102400000A1
:10E21400070581024000000009024300020100C01A
:10E224003209040000010202010005240010010566
:10E2340024010001042402020524060001070582CA
:10E244000308001009040100020A00000007050188
:10E254000200020007058102000200000A06000213
:10E26400000000400100000009074300020104C04F
:10E274003209040000010202010005240010010516
:10E28400240100010424020205240600010705827A
:10E294000308001009040100020A00000007050138
:10E2A4000240000007058102400000000DAA00089A
:10E2B400E5A90008E9A90008F1A90008EDA90008EA
:10E2C4007DAA000889AA000895AA0008B1AA000836
:10E2D40005AB0008CDAA0008E9AA00081201000253
:10E2E40002020040830440570002010203010000BF
:10E2F400040309041A0300000000000000000000E9
:10E304000000000000000000000000000000000009
:10E314000000000003000000602200240000000050
:10E3240060220024C82200243023002400000000BE
:10E3340000000000000000000000000000000000D9
:10E3440000000000000000000000000000000000C9
:10E3540000000000000000000000000000000000B9
:10E3640000000000000000009C01002443000000A5
:10E374000000000000000000000000000000000099
:10E384000000000000000000000000004300000046
:10E394000000000000000000000000000000000079
:10E3A4000000000000000000000000004300000026
:10E3B4000000000000000000000000000000000059
:10E3C4000000000000000000000000004300000006
:10E3D4000000000000000000000000000000000039
:10E3E40000000000000000000000000043000000E6
:10E3F4000000000000000000000000000000000019
:10E4040000000000000000000000000043000000C5
:10E4140000000000000000000000000000000000F8
:10E4240000000000000000000000000043000000A5
:10E4340000000000000000000000000000000000D8
:10E444000000000000000000000000005BD5000890
:10E45400D9D40008000000007BE000083DE000087B
:10E464007AE000087AE000087AE000087AE0000820
:10E474007AE000087AE000087AE000087AE0000810
:10E484007AE00008FFFFFFFFFFFFFFFFFFFFFFFF32
:10E49400FFFF000001004153434949000000000010
:10E4A4000000000000000000000000000000000068
:10E4B40000000000000041534349490000000000EF
:10E4C4000000000000000000000000000000000048
:08E4D400000000000000000040
:0400000508001535A5
:00000001FF
